,Unnamed: 0,title,score,id,url,coms_num,author,upvotes,Unnamed: 0.1,word_count
0,0,gaza apartment block collapses airstrike,139,na81sp,https://www.yahoo.com/news/gaza-apartment-block-collapses-airstrike-200059570.html,89,Home0nWater,139,,6
1,1,us sanctions 7 hezbollah finances,31,naoiw0,https://www.al-monitor.com/originals/2021/05/us-sanctions-7-over-hezbollah-finances,4,FeydSeswatha982,31,,6
2,2,unicef calls uk give 20 vaccines countries,6,nan3v6,https://www.theguardian.com/society/2021/may/12/unicef-calls-on-uk-to-give-20-of-vaccines-to-other-countries,8,edifsego,6,,12
3,3,covid19 bodies float ganga river ballia ghazipur state india,15,natz0q,https://thewire.in/rights/now-bodies-float-down-the-ganga-in-ups-ballia-and-ghazipur,5,nram76,15,,16
4,4,foreign secretary issues warning russia ransomware,9,naw0qt,https://www.bbc.com/news/technology-57084943,1,HydrolicKrane,9,,8
5,5,greece offers 300000 reward killers strangled britishborn student front baby,45,nae6h5,https://www.theguardian.com/world/2021/may/11/greece-offers-300000-reward-for-killers-who-strangled-british-born-student-in-front-of-baby,5,cardart,45,,14
6,6,hamas fired 15 rockets toward dimona home israels nuclear reactor,85,nanx1k,https://www.timesofisrael.com/liveblog_entry/sirens-sound-in-beersheba-and-dimona-home-to-israels-main-nuclear-reactor/,72,TransGerman,85,,11
7,7,1 dead 3 severely injured largest ever hamas barrage hits ashdod ashkelon,4580,n9vmk4,https://www.ynetnews.com/article/ULALGRFGI,3074,Mdk_251,4580,,13
8,8,conor mcgregor tops forbes top 10 list worlds highestpaid athletes firsttime ever,2,navz0e,https://www.forbes.com/sites/forbespr/2021/05/12/conor-mcgregor-tops-forbes-top-10-list-of-the-worlds-highest-paid-athletes-for-the-first-time-ever/,5,SpareThisOne2thPls,2,,16
9,9,school attack means afghanistans future,12,najdw3,https://www.npr.org/2021/05/11/995948176/what-the-school-attack-means-for-afghanistans-future,2,Maxcactus,12,,8
10,10,bosnia police arrest woman financing islamic fighters,44,nambcm,https://apnews.com/article/europe-middle-east-arrests-religion-government-and-politics-f28497ae5617eda14d636f23fcc5526a,0,Sanlear,44,,8
11,11,eu prepares 4th round sanctions senior belarus officials,6,naw0cz,https://belarusfeed.com/eu-fourth-round-sanctions-belarus-officials/,0,PjeterPannos,6,,10
12,12,7 apple suppliers china links forced labor programs including use uyghur muslims xinjiang according new report,12486,n9li52,https://www.businessinsider.com/apple-china-suppliers-uyghur-muslims-forced-labor-report-2021-5,1019,extrinsicly_valued,12486,,24
13,13,israel must taught lesson erdogan tells putin,35,natb7i,https://www.aljazeera.com/news/2021/5/12/israel-must-be-taught-a-lesson-erdogan-tells-putin,65,vokiel,35,,9
14,14,nuclear reactions increasing inaccessible chamber chernobyl,82,naug3c,https://www.cnet.com/news/nuclear-reactions-are-increasing-in-an-inaccessible-chamber-at-chernobyl/,32,umartin404,82,,10
15,15,gaza city commander killed israeli airstrike hamas times india,97,naphpq,https://timesofindia.indiatimes.com/world/middle-east/gaza-city-commander-killed-by-israeli-airstrike-hamas/articleshow/82576016.cms,29,canadaoilguy,97,,12
16,16,covid19 pandemic preventable independent review panel said panel set world health organization said combined response global governments toxic cocktail,350,naq486,https://www.bbc.com/news/world-57085505,33,NinjaDiscoJesus,350,,34
17,17,netanyahu beginning israeli airstrikes hamas,95,nauhx4,https://www.businessinsider.com/netanyahu-says-israeli-airstrikes-on-hamas-could-continue-2021-5,121,Speedster202,95,,11
18,18,macrons party bans muslim candidate wearing hijab poster,56,nauehy,https://www.aljazeera.com/news/2021/5/12/macrons-party-bans-muslim-candidate-for-wearing-hijab-in-poster,28,vokiel,56,,10
19,19,amazon 250m back taxes demand overturned court,13,naquzk,https://www.bbc.co.uk/news/technology-57089168,0,FatFreddysCoat,13,,9
20,20,israel declares emergency lod unrest spreads,21,nafgkw,https://www.bbc.com/news/world-middle-east-57081848,68,BlueZybez,21,,8
21,21,radovan karadi serve rest sentence british prison,10,napwsd,https://www.theguardian.com/world/2021/may/12/radovan-karadzic-to-serve-rest-of-sentence-in-british-prison,7,pipsdontsqueak,10,,10
22,22,german cabinet approves landmark climate bill german government approved bill would reduce greenhouse gas emissions faster rate goal becoming climate neutral 2045,45,namoj4,https://www.dw.com/en/german-cabinet-approves-landmark-climate-bill/a-57506938,2,misana123,45,,32
23,23,coronavirus transmission water concern say experts dead bodies found floating ganga river india,21,nau7l5,https://www.livemint.com/news/india/coronavirus-transmission-through-water-is-not-a-concern-say-experts-after-dead-bodies-found-floating-in-ganga-11620831842922.html,12,nram76,21,,19
24,24,french court rejects claim agent orange damage vietnam war,346,n9zbpx,https://www.reuters.com/world/asia-pacific/french-court-rejects-claim-agent-orange-lawsuit-2021-05-10/,36,LaChancla911,346,,11
25,25,uk government introduces bill strengthen university freedom speech requirements bill extend legal duties student unions allow compensation breaches freedom speech duties,23,naggf9,https://www.varsity.co.uk/news/21426,3,Useful_Ad9254,23,,31
26,26,israelgaza fears war violence escalates,14,nav2pf,https://www.bbc.com/news/world-middle-east-57083595,8,SweeneyisMad,14,,7
27,27,amazon wins case eu regulators luxembourg taxes,5,naq56g,https://www.npr.org/2021/05/12/996118335/amazon-wins-case-against-eu-regulators-over-luxembourg-taxes,2,misana123,5,,9
28,28,scores dead bodies found floating indias ganges river,16,navbyh,https://www.usnews.com/news/world/articles/2021-05-11/scores-of-dead-bodies-found-floating-in-indias-ganges-river,4,AoiTopGear,16,,10
29,29,600000 slovaks sign referendum early election,7,nas59x,https://www.euractiv.com/section/politics/short_news/600000-slovaks-sign-referendum-for-early-election/,1,Areat,7,,7
30,30,myanmar military court gives reporter 3year prison term,2,nawejy,https://apnews.com/article/myanmar-397fe77c5e6d242572326a3abea32eec,0,speakhyroglyphically,2,,8
31,31,indian covid19 variant behind acceleration indias explosive outbreak found 44 countries around world says,61,naotdz,https://www.france24.com/en/europe/20210512-indian-covid-19-variant-found-in-44-countries-around-world-says-who,24,HenryCorp,61,,18
32,32,israel declares emergency lod unrest spreads,62,naf42r,https://www.bbc.com/news/world-middle-east-57081848,46,eric-edmonton,62,,8
33,33,public health agency refusing disclose uncensored documents winnipeg virus lab,39,nadfgk,https://www.msn.com/en-ca/news/canada/public-health-agency-refusing-to-disclose-uncensored-documents-on-winnipeg-virus-lab/ar-BB1gCzqb?ocid=msedgdhp,6,wesley021984,39,,12
34,34,increase hamas proiran regime members berlin german intel,6,navjnd,https://m.jpost.com/middle-east/iran-news/increase-of-hamas-and-pro-iran-regime-members-in-berlin-german-intel-667985,0,jab116,6,,12
35,35,indian coronavirus variant spread almost 50 countries says,24,nanlc8,https://www.washingtonpost.com/nation/2021/05/12/coronavirus-covid-live-updates-us/,8,AoiTopGear,24,,12
36,36,hundreds south africans rallied tuesday israeli attacks palestinians least 28 people killed following clashes flashpoint alaqsa mosque jerusalem,5937,na25kq,https://www.france24.com/en/live-news/20210511-south-africans-protest-over-palestinian-deaths,582,DoremusJessup,5937,,28
37,37,israelgaza fears war violence escalates,8,namonk,https://www.bbc.com/news/world-middle-east-57083595,33,sreeker6,8,,7
38,38,colombias police force built war finds new one,12,naqxzs,https://www.nytimes.com/2021/05/12/world/americas/colombia-protest-police-abuse.html,1,mehedi475871,12,,10
39,39,least 35 killed gaza israel ramps airstrikes response rocket attacks,27,najaxe,https://edition.cnn.com/2021/05/11/middleeast/israel-gaza-airstrikes-rockets-intl/index.html,41,bustead,27,,16
40,40,taiwan warns covid alert level could rise yet shares tumble,5,naqyq3,https://www.reuters.com/world/asia-pacific/taiwan-may-raise-covid-19-alert-shut-non-essential-shops-2021-05-12/,4,mehedi475871,5,,12
41,41,us opposition blocks un security council statement condemning jerusalem violence14 15 un security council members supported statement,1004,nalinc,https://english.alarabiya.net/News/middle-east/2021/05/11/US-opposition-blocks-UN-Security-Council-statement-on-Jerusalem-violence,159,Dct_7,1004,,21
42,42,penguins samesex couples formed london aquarium,11,nava1h,https://www.bbc.co.uk/news/uk-england-london-57076071,8,pandas795,11,,7
43,43,wolf hunting banned slovakia,862,nang4i,https://www.downtoearth.org.in/news/wildlife-biodiversity/wolf-hunting-banned-in-slovakia-76872,24,zsreport,862,,5
44,44,putins wagner group mercenaries killed kids raped tortured women like animals executed men mosques,225,nash9q,https://www.the-sun.com/news/2841593/putins-wagner-group-mercenaries/,61,PanEuropeanism,225,,17
45,45,chevron shuts tamar gas field israeli coast unrest flares,4,nawczt,https://www.reuters.com/world/middle-east/chevron-shuts-down-tamar-gas-field-off-israel-coast-wake-unrest-2021-05-12/?taid=609c210b12982200014dd6c2,0,speakhyroglyphically,4,,11
46,46,drop xinjiang birthrate largest recent history report,34,nao76e,https://apnews.com/article/5aab6b4b99263b535ff1d0e9ae890b8f,23,canadaoilguy,34,,9
47,47,30 dead gaza israel fighting quickly escalates,60,nacf9i,https://www.nytimes.com/2021/05/11/world/middleeast/israel-gaza-airstrikes.html,25,busfpga,60,,12
48,48,climate emissions shrinking stratosphere scientists reveal,45,napocb,https://www.theguardian.com/environment/2021/may/12/emissions-shrinking-the-stratosphere-scientists-find?CMP=Share_iOSApp_Other,2,Akephalos_Agares,45,,7
49,49,iran enriches uranium highest purity yet nuclear talks continue,38,nask7c,https://www.cbsnews.com/news/iran-nuclear-uranium-enrichment-purity/,5,drpfalk,38,,11
50,50,russia mourns victims kazan school shooting,13,naqna0,https://www.ibtimes.com/russia-mourns-victims-kazan-school-shooting-3197474,2,spinning_carousel,13,,7
51,51,hamas rockets hit tel aviv israeli airstrikes gaza continue,370,nab9xl,https://www.npr.org/2021/05/11/995875422/28-reported-dead-in-gaza-from-israeli-airstrikes-gaza-rockets-kill-2-in-israel,225,Fuzier,370,,11
52,52,iran enriched uranium 63 purity iaea says,280,na7n9w,https://www.reuters.com/world/middle-east/iran-has-enriched-uranium-up-63-purity-iaea-report-says-2021-05-11/,135,MoonshotHorizon,280,,11
53,53,bosnian serb exleader karadzic serve genocide term uk jail,13,naup26,https://www.aljazeera.com/news/2021/5/12/bosnian-serb-ex-leader-karadzic-to-spend-life-in-uk-prison,1,vokiel,13,,11
54,54,two decades talks world trade organization towards banning subsidies contribute overfishing lead negotiator said tuesday deal could within reach,259,na23h3,https://www.france24.com/en/live-news/20210511-wto-deal-doable-to-stop-subsidies-that-lead-to-over-fishing,11,DoremusJessup,259,,29
55,55,doctors india warning practice using cow dung belief ward covid19 saying scientific evidence effectiveness risks spreading diseases,1741,n9o6e0,https://www.reuters.com/world/india/indian-doctors-warn-against-cow-dung-covid-cure-2021-05-11/,300,tonytharakan,1741,,36
56,56,indian woman killed hamas rocket attacks israel,16,navhz1,https://mumbaimirror.indiatimes.com/news/india/indian-woman-killed-in-rocket-attacks-on-israel-union-minister-conveys-condolences-to-kin/articleshow/82565744.cms,9,Santaclause37,16,,9
57,57,brazil exhealth minister saw need pfizer vaccine say sources,9,natqxj,https://www.reuters.com/world/americas/brazil-ex-health-minister-saw-no-need-pfizer-vaccine-say-sources-2021-05-12/,1,fruitspunch-samuraiG,9,,11
58,58,eu court rejects order amazon pay back 300 million taxes,53,naluf0,https://www.cnbc.com/2021/05/12/eu-court-rejects-an-order-for-amazon-to-pay-back-300-million-in-taxes.html,10,goforth1457,53,,14
59,59,uk government plan toughen voter id rules draws criticism,22,namojj,https://www.usnews.com/news/business/articles/2021-05-12/uk-government-plan-to-toughen-voter-id-rules-draws-criticism,19,Factsmatter2metoo,22,,10
60,60,botanist welcomes eu court ruling pesticides harm bees study aims measure presence longlived chemicals irish environment,53,nas0sv,https://www.irishtimes.com/news/environment/botanist-welcomes-eu-court-ruling-on-pesticides-that-can-harm-bees-1.4560946,2,IheartGMO,53,,23
61,61,china used fake news social platforms discredit western reports amid pandemic report finds,24,nas5hf,https://www.abc.net.au/news/2021-05-12/china-misinformation-ifj-report-covid-19/100135016,13,guanaco55,24,,15
62,62,israelgaza fears war violence escalates,35,narg96,https://www.bbc.com/news/world-middle-east-57083595,24,myhousebiggeno,35,,7
63,63,un security council meets israel us blocks statement,33,natdby,https://www.france24.com/en/live-news/20210512-un-security-council-meets-on-israel-but-us-blocks-statement,23,afunnew,33,,10
64,64,boris johnson apologises unreservedly behalf uk gov ballymurphy events,53,nat1a3,https://www.rte.ie/news/ulster/2021/0512/1221250-ballymurphy-johnson/,12,FOURCHANZ,53,,12
65,65,drop xinjiang birthrate largest recent history report,5,naukuc,https://apnews.com/article/beijing-china-race-and-ethnicity-health-religion-5aab6b4b99263b535ff1d0e9ae890b8f?utm_campaign=SocialFlow&utm_source=Twitter&utm_medium=AP,4,pi3141592653589,5,,9
66,66,negotiations oust netanyahu stall amid jerusalem crisis,6,navqvl,https://www.axios.com/lapid-bennett-coalition-talks-stall-netanyahu-4554c851-c86b-48df-a3ad-efbde94c835f.html,6,Kidrellik,6,,8
67,67,israeli air force strikes 14storey building gaza claims warned citizens advance,4,navb99,https://indianexpress.com/article/world/israel-palestine-gaza-violence-live-updates-7311895/,9,bambu92873,4,,15
68,68,despite reversing onechild policy chinas population growth slowest decades couples delay kids amid rising costs,31,naqcga,https://www.insider.com/chinas-population-growth-the-slowest-it-has-been-in-decades-2021-5,32,BelleAriel,31,,22
69,69,germany orders suspension controversial new whatsapp tcs,87,naoajd,https://swacash.com/2021/05/12/germany-orders-suspension-of-controversial-new-whatsapp-tcs/,2,AmerBekic,87,,8
70,70,court order issued boris johnson unpaid debt,24,naseij,https://thinkpol.ca/2021/05/12/report-court-order-issued-to-boris-johnson-over-unpaid-debt/,3,pelicanthief,24,,9
71,71,japan prepares vaccinate olympians paralympians,11,naj3yy,https://www.reuters.com/world/asia-pacific/olympics-japan-prepares-vaccinate-its-olympians-paralympians-2021-05-12/?taid=609b82d7aa744f0001aa72ba&utm_campaign=trueAnthem:+Trending+Content&utm_medium=trueAnthem&utm_source=twitter,2,aurelion_sol01,11,,7
72,72,china defends handling control rocket fell earth,10,naph8g,https://abcnews.go.com/Technology/wireStory/china-defends-handling-rocket-fell-earth-77596644,24,GOR098,10,,12
73,73,taliban seized district afghan government forces outskirts kabul ahead threeday ceasefire agreed warring sides officials said,14,nan1gh,https://www.france24.com/en/asia-pacific/20210512-taliban-seize-key-district-outside-afghan-capital,5,Purple_Wasabi,14,,27
74,74,afghan forces battle recapture talibanheld kabul outskirt,11,nar449,https://www.aljazeera.com/news/2021/5/12/afghan-forces-battle-to-recapture-taliban-held-kabul-outskirt,1,vokiel,11,,8
75,75,covid surges 4 5 vaccinated countries,12,namee4,https://www.forbes.com/sites/roberthart/2021/05/11/covid-surges-in-4-of-5-worlds-most-vaccinated-countries-heres-why-the-us-should-worry/?sh=193d51ed6771,21,BisonFarts1,12,,9
76,76,japans muji appeals china advertising use xinjiang cotton,35,najxed,https://www.wsj.com/articles/japans-muji-appeals-to-china-by-advertising-use-of-xinjiang-cotton-11620692294?mod=e2tw,1,spicy_kc,35,,11
77,77,red cross warns coronavirus cases exploding asia,44,nasaud,https://apnews.com/article/asia-coronavirus-pandemic-health-3e1403faeeb456510cfc2d6ffc55e89f,3,MoonshotHorizon,44,,10
78,78,mums internet research vaccines doesnt make expert court decides,200,narayd,https://www.stuff.co.nz/national/crime/125082710/mums-internet-research-on-vaccines-doesnt-make-her-an-expert-court-decides,19,rudreads,200,,12
79,79,1 dead 2 injured hammas fires antitank missile israeli vehicle,24,nakgau,https://www.timesofisrael.com/liveblog-may-12-2021/,31,kage_b19,24,,13
80,80,taiwans gigabyte technology faces boycott china mocking lowquality manufacturing mainland,74,namcce,https://www.scmp.com/tech/tech-trends/article/3133171/taiwans-gigabyte-technology-faces-boycott-china-after-mocking-low,70,amoebafinite,74,,13
81,81,bjp leaders share puff piece replete misinformation defend pm modi covid crisis,18,napxqx,https://www.deccanherald.com/national/bjp-leaders-share-puff-piece-replete-with-misinformation-to-defend-pm-modi-on-covid-crisis-984872.html,0,sector3011,18,,15
82,82,us officials believe russia may behind suspected directedenergy attacks getting government employees sick around world report says,17406,na2t3u,https://www.businessinsider.com/directed-energy-attacks-us-officials-think-russia-maybe-behind-report-2021-5,1795,Speedster202,17406,,22
83,83,venezuelan opposition leader proposes accord maduro easing sanctions,8,najqd2,https://www.nbcnews.com/news/latino/venezuelan-opposition-leader-juan-guaid-proposes-accord-maduro-rcna905,0,reddit-mailinator,8,,11
84,84,man fled tiger caught animal loose houston police say,17,nalmr9,https://www.cnn.com/2021/05/10/us/houston-tiger-murder-suspect-trnd/index.html,4,Bed-Tall,17,,19
85,85,shark advocates cheer uks banning shark fin trade,2736,najmes,https://www.deeperblue.com/shark-advocates-cheer-uks-banning-of-shark-fin-trade/?amp,91,norfolkdiver,2736,,9
86,86,cameroon jails transgender women attempted homosexuality,207,naogjh,https://www.bbc.co.uk/news/world-africa-57085664,54,canadaoilguy,207,,7
87,87,historical nihilism china deletes two million online posts insulting communist heroes,158,nam428,https://www.msn.com/en-in/news/world/historical-nihilism-china-deletes-two-million-online-posts-insulting-communist-heroes/ar-BB1gDzh3,28,Biraat-Khopoli,158,,11
88,88,red cross warns coronavirus cases exploding asia,11,nar013,https://www.foxnews.com/health/red-cross-warns-coronavirus-cases-exploding-asia,11,mehedi475871,11,,10
89,89,us trade chief tai vows use new usmca trade pact address mexican labor issues,7,nargul,https://www.reuters.com/world/americas/us-trade-chief-tai-vows-use-new-usmca-trade-pact-address-mexican-labor-issues-2021-05-12/,4,AuntTifaNews,7,,16
90,90,israeli airstrikes gaza kill 20 people including nine children palestinian officials say,49753,n9gqdz,https://www.washingtonpost.com/world/jerusalem-alaqsa-templemount-haramalsharif/2021/05/10/17f29614-b161-11eb-bc96-fdf55de43bef_story.html,10498,Revolutionary_Two542,49753,,13
91,91,indias covid nightmare newlines magazine,4,naojlo,https://newlinesmag.com/reportage/indias-covid-nightmare/,0,FeydSeswatha982,4,,6
92,92,maldives bans travel south asia covid cases soar,13,nanlgv,https://www.aljazeera.com/news/2021/5/12/maldives-bans-travel-from-south-asia-as-covid-cases-soar,2,vokiel,13,,10
93,93,japan us france hold first joint drills japanese land,806,naae7v,https://www.stripes.com/japan-us-france-hold-first-joint-drills-on-japanese-land-1.673117,64,Elliottafc1,806,,10
94,94,ukraine says russia still 100000 troops near border,385,naq81a,https://www.reuters.com/world/europe/ukraine-says-russia-still-has-100000-troops-near-its-border-2021-05-11/,39,GOR098,385,,10
95,95,drop xinjiang birthrate largest recent history report,9,nat1v5,https://apnews.com/article/beijing-china-race-and-ethnicity-health-religion-5aab6b4b99263b535ff1d0e9ae890b8f,18,BenSimmonsToTheMoon,9,,9
96,96,eu tighten pollution laws clean air water,7,nar55g,https://www.reuters.com/business/environment/eu-tighten-pollution-laws-clean-up-air-water-2021-05-12/?taid=609bf0fbd8fc9d00017426ff&utm_campaign=trueanthem&utm_medium=trueanthem&utm_source=twitter,0,pi3141592653589,7,,11
97,97,number injured russia school shooting rises 23,14,naqzl5,https://www.foxnews.com/world/number-injured-russia-school-shooting-23,1,mehedi475871,14,,10
98,98,erdogan tells putin israel needs lesson,9,navg4i,https://www.ekathimerini.com/news/1160955/erdogan-tells-putin-that-israel-needs-a-lesson/,9,nimobo,9,,8
99,99,chinas sinovac shot found highly effective real world study,47,nabu7w,https://www.bloomberg.com/news/articles/2021-05-11/china-s-sinovac-shot-found-highly-effective-in-real-world-study,33,informationtiger,47,,10
100,100,covid19 catastrophe could prevented says independent probe,68,nam5cx,https://www.france24.com/en/europe/20210512-covid-19-catastrophe-could-have-been-prevented-says-expert-panel,15,Jeremy_Martin,68,,9
101,101,covid variant first detected india found 44 countries,8,nanks2,https://www.aljazeera.com/news/2021/5/12/covid-variant-first-detected-in-india-found-in-44-countries-who,0,vokiel,8,,11
102,102,israel steps gaza airstrikes focus eliminating terror chiefs,16,nakyun,https://www.jpost.com/israel-news/israel-striking-gaza-in-response-to-rocket-barrage-directed-at-jerusalem-667776,105,mdurgesh,16,,11
103,103,reviewing seychelles data fully vaccinated get covid,7,nani3n,https://www.aljazeera.com/news/2021/5/12/who-reviewing-seychelles-data-after-fully-vaccinated-get-covid,15,vokiel,7,,9
104,104,seychelles worlds vaccinated nation reinforces curbs covid cases rise,161,nac4dd,https://www.hindustantimes.com/world-news/seychelles-world-s-most-vaccinated-nation-reinforces-curbs-as-covid-cases-rise-101620206992202.html,13,BisonFarts1,161,,11
105,105,hamas hails victory battle jerusalem onslaught central israel,13,nagxar,https://www.timesofisrael.com/hamas-hails-victory-in-battle-for-jerusalem-after-onslaught-on-central-israel/,23,Mdk_251,13,,12
106,106,blinken calls netanyahu backs israels defense,2,nawkn1,https://apnews.com/article/middle-east-israel-3a1c810bc2c08023543c911635cc83cf,0,guanaco55,2,,6
107,107,brazil suspends use astrazeneca vaccine pregnant women nationally death,9,nameal,https://www.reuters.com/business/healthcare-pharmaceuticals/brazil-health-agency-calls-halt-astrazeneca-vaccine-pregnant-women-2021-05-11/,5,edifsego,9,,12
108,108,indian workers allege shocking violations building hindu temple new jersey usa,18,naivwm,https://indianexpress.com/article/world/indian-workers-allege-shocking-violations-in-building-hindu-temple-in-new-jersey-7311615/,4,GL4389,18,,13
109,109,israelgaza violence death toll rises un envoy warns heading fullscale war,9,nao991,https://news.sky.com/story/israeli-pm-netanyahu-hamas-will-pay-heavy-price-as-violence-continues-12303987,27,flacao9,9,,14
110,110,internal emails reveal knew sex abuse claims congo,93,namc5b,https://apnews.com/article/united-nations-europe-ebola-virus-entertainment-coronavirus-pandemic-d14715ba3653753d7c1f122f8aea79de?utm_source=Sailthru&utm_medium=email&utm_campaign=May12_MorningWire&utm_term=Morning%20Wire%20Subscribers,5,GDW312,93,,11
111,111,stand palestine pakistan pm imran khan sends message support palestinians israel strikes back,30,naptvh,https://www.msn.com/en-in/news/world/we-stand-with-palestine-imran-khan-sends-message-of-support-after-israel-attack/ar-BB1gE5wV,29,Biraat-Khopoli,30,,18
112,112,coronal mass ejection creates strong geomagnetic storm earth today,2,nawk4x,https://weatherboy.com/coronal-mass-ejection-creates-strong-geomagnetic-storm-on-earth-today/,1,beethy,2,,10
113,113,boris johnson urges israel palestinians step back brink tensions rise,325,nalekm,https://www.independent.co.uk/news/uk/politics/boris-johnson-israel-palestine-gaza-b1846107.html,60,usmilitarythrowaway1,325,,14
114,114,boris johnson issues state apology behalf uk government,4,navq3x,http://www.rte.ie/news/ulster/2021/0512/1221250-ballymurphy-johnson/,9,Kier_C,4,,10
115,115,another thai protest leader says covid19 weeks jail,10,naj6zw,https://www.reuters.com/world/asia-pacific/another-thai-protest-leader-says-has-covid-19-after-weeks-jail-2021-05-12/?taid=609b852e12982200014dd3d7&utm_campaign=trueAnthem:+Trending+Content&utm_medium=trueAnthem&utm_source=twitter,0,Adalyn_Sara,10,,11
116,116,widescale airstrikes israel hits gaza police stations security sites,11,naj2dz,https://www.timesofisrael.com/liveblog_entry/in-widescale-airstrikes-israel-hits-gaza-police-stations-security-sites/,74,ScatteredSignal,11,,10
117,117,us coast guard ship fired around 30 warning shots iranian fast boats latest tense encounter,413,na1ywz,https://edition.cnn.com/2021/05/10/politics/us-navy-warning-shots-iranian-fast-boats-strait-of-hormuz/index.html,109,EnoughEngine,413,,17
118,118,china sinovac shot seen highly effective real world study,18,nafm21,https://www.bloomberg.com/news/articles/2021-05-11/china-s-sinovac-shot-found-highly-effective-in-real-world-study,4,alanwong,18,,10
119,119,netanyahu israel increasing might frequency gaza strikes,753,na3pvo,https://www.ynetnews.com/article/TZF6IS1LC,519,afunnew,753,,9
120,120,least 35 killed gaza israel ramps airstrikes response rocket attacks,471,nag632,https://amp.cnn.com/cnn/2021/05/11/middleeast/israel-gaza-airstrikes-rockets-intl/index.html?__twitter_impression=true,407,monaleeparis,471,,16
121,121,israel names four hamas commanders killed gaza strikes,186,naom5e,https://www.timesofisrael.com/liveblog_entry/israel-identifies-hamas-commanders-killed-in-strike-on-gaza-base/,140,Ashmedai314,186,,9
122,122,taiwan warns rising covid19 risk share market tumbles,22,najgao,https://www.reuters.com/world/asia-pacific/taiwan-may-raise-covid-19-alert-shut-non-essential-shops-2021-05-12/,1,diacewrb,22,,9
123,123,covid19 warnings ignored independent review global response finds,96,namy1z,https://www.abc.net.au/news/2021-05-12/covid19-warnings-ignored-global-response-review-finds/100135510,15,Lobsty501,96,,10
124,124,hamas fires iranianmade cruise missiles first time three israelis killed,40,nah5v0,https://www.richardsilverstein.com/2021/05/11/breaking-hamas-fires-iranian-made-cruise-missiles-for-first-time-three-israelis-killed/,35,zenonidenoni,40,,11
125,125,queen announces voters need photo id general elections britain,867,nadli4,https://www.theguardian.com/politics/2021/may/10/queens-speech-photo-id-future-elections-social-care?CMP=Share_iOSApp_Other,644,tihotihotiho,867,,13
126,126,covid boris johnson announces coronavirus public inquiry,8,nampi1,https://www.bbc.co.uk/news/uk-57088314,2,VORTXS,8,,7
127,127,chinese military probed weaponising coronavirus 2015 claim leaked documents,3,nawfcx,https://www.businesstoday.in/current/economy-politics/chinese-military-probed-weaponising-coronavirus-in-2015-claim-leaked-documents/story/438649.html,1,apoorvpurwar,3,,10
128,128,cerne giant dorset dates anglosaxon times analysis suggests,20,nak5ts,https://www.theguardian.com/science/2021/may/12/cerne-giant-in-dorset-dates-from-anglo-saxon-times-analysis-suggests,3,reddit_police_dpt,20,,10
129,129,khalil awad 52 daughter nadin 16 arabisraeli residents town near lod killed rocket scored direct hit car lod early wednesday morning,16,nair26,https://www.jpost.com/israel-news/four-dead-from-latest-wave-of-rockets-aimed-at-central-israel-667902,0,emptysoul25,16,,33
130,130,china planning new crackdown private tutoring sector,13,nalw53,https://www.reuters.com/business/finance/exclusive-china-planning-new-crackdown-private-tutoring-sector-sources-2021-05-12/,2,Acrzyguy,13,,8
131,131,least 40 dead violence escalates israel hamas,37,najknb,https://www.nbcnews.com/news/world/violence-between-israel-hamas-shows-no-sign-slowing-n1267055,40,reddit-mailinator,37,,10
132,132,gaza tower block collapses israeli strike live,101,nacuwg,https://www.aljazeera.com/news/2021/5/11/israel-launches-fresh-air-raids-on-besieged-gaza-strip-live-news,71,busfpga,101,,8
133,133,photographs abandoned places poland,4,naukdt,https://www.thefirstnews.com/article/photographer-amasses-cult-following-with-his-beautifully-poignant-images-of-forgotten-and-abandoned-poland-21870,1,SzaryBurek,4,,7
134,134,china demands cancellation un meeting uyghurs,22857,n9t3lc,https://www.bangkokpost.com/world/2113747/china-demands-cancellation-of-un-meeting-on-uyghurs,1729,GOR098,22857,,8
135,135,indian woman killed israel struck rocket strike video call husband,12,najrqi,https://www.wionews.com/india-news/indian-woman-killed-in-israel-was-struck-by-rocket-strike-during-a-video-call-with-husband-384415,0,sbmthakur,12,,16
136,136,china slams new zealand parliaments motion uighur abuses,6,nao5ym,https://www.msn.com/en-us/news/world/china-slams-new-zealand-parliament-e2-80-99s-motion-on-uighur-abuses/ar-BB1gq1j4,12,LeftUnite47,6,,9
137,137,1000 rockets fired gaza toward israel since start latest escalation,149,nar8ky,https://www.i24news.tv/en/news/israel/diplomacy-defense/1620800706-liveblog-more-than-850-rockets-fired-from-gaza-toward-israel-since-start-of-latest-escalation,140,idontlikesushi,149,,14
138,138,rawiri waititi maori mp thrown new zealand parliament debate haka,29,naosrb,https://news.sky.com/story/rawiri-waititi-maori-mp-thrown-out-of-new-zealand-parliament-debate-for-doing-haka-12304181?dcmp=snt-sf-twitter,18,Wolf35999,29,,14
139,139,uk ban lgbt conversion therapy provide support,832,n9wnl3,https://www.reuters.com/world/uk/uk-ban-lgbt-conversion-therapy-provide-more-support-2021-05-11/,71,LORD_SHARDUL,832,,10
140,140,indias covid deaths cross quarter million mark sign peak,29,naj2u6,https://www.reuters.com/world/india/indias-covid-deaths-cross-quarter-million-mark-no-sign-peak-2021-05-12/,4,DavidofSasun,29,,11
141,141,british canadian troops twice likely killed afghanistan us forces,11,nakh5n,https://www.theguardian.com/world/2021/may/12/british-troops-were-twice-as-likely-to-be-killed-in-afghanistan-as-us-forces,3,CheckAirportGuy,11,,16
142,142,netanyahu declares state emergency lod due widespread violent rioting first use emergency powers arab community israel since end military administration arabs israel 1966,4360,na993b,https://www.timesofisrael.com/liveblog_entry/netanyahu-declares-state-of-emergency-in-lod/,1110,1MorePint,4360,,41
143,143,japan begins first joint military drill us france,28,naq6wj,https://japantoday.com/category/politics/japan-launches-first-joint-military-drill-with-us-france,1,AsiaOnline,28,,9
144,144,hamas leader says group ready israeli escalation,119,nal5hp,https://www.aljazeera.com/news/2021/5/12/hamas-is-ready-to-escalate-violence-if-israel-wants-it-haniyeh,107,ScatteredSignal,119,,8
145,145,xinjiang births plummeted crackdown uyghurs says report,0,nausgf,https://www.theguardian.com/world/2021/may/12/chinese-uyghur-policy-causes-unprecedented-fall-in-xinjiang-birthrates,1,GQveracity,0,,9
146,146,animals formally recognised sentient beings uk law,39474,nahbnf,https://www.theguardian.com/world/2021/may/12/animals-to-be-formally-recognised-as-sentient-beings-in-uk-law,3384,Illustrious_Welder94,39474,,11
147,147,us sends diplomat try calm israelpalestinian violence,20,naud08,https://www.reuters.com/world/middle-east/us-sends-diplomat-try-calm-israel-palestinian-violence-2021-05-12/,18,AuntTifaNews,20,,9
148,148,uk economy shrank 15 first quarter,11,naitr6,https://www.bbc.co.uk/news/business-57083394,0,VORTXS,11,,8
149,149,indian woman state kerala killed gaza launches rocket attacks israel,1353,nakm5s,https://www.msn.com/en-in/news/world/israel-palestine-conflict-kerala-woman-killed-as-gaza-launches-rocket-attacks-on-israel/ar-BB1gDaPK,521,Biraat-Khopoli,1353,,15
150,150,israel must taught lesson erdogan tells putin,71,nautsj,https://www.aljazeera.com/news/2021/5/12/israel-must-be-taught-a-lesson-erdogan-tells-putin,53,IsThisTheEndOfMe,71,,9
151,151,10 civilians shot british army 1971 found innocent wrongdoing,1130,n9z02k,https://www.irishtimes.com/news/crime-and-law/ten-shot-dead-in-ballymurphy-massacre-entirely-innocent-coroner-finds-1.4561691,97,travellinglaowai,1130,,13
152,152,former myanmar beauty queen takes arms military junta,70,naqv97,https://www.scmp.com/news/asia/southeast-asia/article/3133241/former-myanmar-beauty-queen-takes-arms-against-military,4,thecoldwinds,70,,10
153,153,hell covid19 ravages rural india,10,nar67r,https://www.ndtv.com/india-news/a-hell-out-here-covid-19-ravages-rural-india-2440439,6,nram76,10,,9
154,154,mori party coleader ejected new zealand parliament performing haka racism row,25,nahmpa,https://www.theguardian.com/world/2021/may/12/maori-party-co-leader-ejected-parliament-racism-row-haka,16,Sarcastic_Spastic,25,,14
155,155,bennett netanyahu dont stop hamas pays heavy price,21,nakap7,https://www.jpost.com/israel-news/politics-and-diplomacy/bennett-to-netanyahu-dont-stop-until-hamas-pays-heavy-price-667916,42,ScatteredSignal,21,,10
156,156,softbank shocked critics landing biggest profit history japanese company,35,nana7t,https://www.cnbc.com/2021/05/12/softbank-joins-top-corporate-earners-with-its-37-billion-vision-fund-profit.html,1,cambeiu,35,,17
157,157,israeli flags burned outside 2 german synagogues free palestine spraypainted another spain,1254,naq5x7,https://www.jta.org/quick-reads/israeli-flags-burned-outside-2-german-synagogues-free-palestine-spray-painted-on-another-in-spain,527,Mdk_251,1254,,14
158,158,toronto residents protest outside israeli consulate hundreds palestinian injured east jerusalem,184,nabusi,https://toronto.ctvnews.ca/mobile/toronto-residents-protest-outside-israeli-consulate-after-hundreds-of-palestinians-injured-in-east-jerusalem-1.5421633,9,dustofoblivion123,184,,14
159,159,like embers barbecue pit nuclear reactions smoldering chernobyl,1269,n9vbyr,https://www.sciencemag.org/news/2021/05/nuclear-reactions-reawaken-chernobyl-reactor,239,paleidentikit,1269,,15
160,160,eritrean troops disguised ethiopian military blocking critical aid tigray,38,nak41g,https://www.cnn.com/2021/05/12/africa/tigray-axum-aid-blockade-cmd-intl/index.html,1,cognizant_ape,38,,12
161,161,covid pandemic preventable says whocommissioned report,272,nalhle,https://www.theguardian.com/world/2021/may/12/covid-pandemic-was-preventable-says-who-commissioned-report,90,kevin_dung,272,,7
162,162,forests size france regrown since 2000 study suggests,120,na55c4,https://www.bbc.co.uk/news/science-environment-57065612,11,Fluid-Daydreamer,120,,10
163,163,ireland urged use un security council role intervene palestineisrael conflict,190,naflqw,https://www.irishexaminer.com/news/politics/arid-40286774.html,37,Ciaran123C,190,,13
164,164,irans ahmadinejad run president,26,najgtu,https://7news.com.au/politics/election/irans-ahmadinejad-to-run-for-president-c-2822419,6,Naderium,26,,6
165,165,covid india sorrow turns anger prime minister modis pandemic response npr,168,nair3m,https://www.npr.org/2021/05/11/995446333/this-government-has-failed-us-anger-rises-in-india-over-pm-modis-covid-response,20,exit-stage-tight,168,,15
166,166,cats must microchipped animal care plan,13,nakhzd,https://www.bbc.co.uk/news/science-environment-57068182,9,mouth_of_the_tyne,13,,8
167,167,dutch sports news site hacked bomb threats chinese consulate,4,navpwx,https://www.dailykos.com/stories/2021/5/12/2030147/-Dutch-sports-news-site-hacked-with-bomb-threats-against-Chinese-consulate,1,reddit-mailinator,4,,11
168,168,vesuvius ancient eruption rescuer identified herculaneum says expert,13,nai5xn,https://www.bbc.com/news/world-europe-57055163,3,GQveracity,13,,9
169,169,global chip shortage could last 2023,32,nak6z5,https://www.cnbc.com/2021/05/12/the-global-chip-shortage-could-last-until-2023-.html,9,cambeiu,32,,8
170,170,british troops twice likely killed afghanistan us forces,38,nahb87,https://www.theguardian.com/world/2021/may/12/british-troops-were-twice-as-likely-to-be-killed-in-afghanistan-as-us-forces,38,bilefreebill,38,,14
171,171,lod mayor describes kristallnacht civil war city says army must deploy,137,na942z,https://www.timesofisrael.com/liveblog_entry/lod-mayor-describes-kristallnacht-civil-war-in-city-says-army-must-deploy/,49,ueathrowaway123,137,,12
172,172,spain expects many 45 mln foreign tourists year minister says,5,namfh0,https://www.reuters.com/world/europe/spain-expects-many-45-mln-foreign-tourists-this-year-minister-says-2021-05-12/,3,john217,5,,13
173,173,senior hamas commander killed israeli airstrike gaza,101,naqslr,https://www.businessinsider.com/senior-hamas-commander-killed-israeli-airstrike-gaza-2021-5?r=DE&IR=T,54,spinning_carousel,101,,8
174,174,british troops twice likely killed afghanistan us forces,114,nakj7n,https://www.theguardian.com/world/2021/may/12/british-troops-were-twice-as-likely-to-be-killed-in-afghanistan-as-us-forces?CMP=Share_AndroidApp_Other,23,billypilgrim87,114,,14
175,175,gaza terrorists ashkelon residents leave die,0,nanqox,https://m.jpost.com/breaking-news/gaza-terrorists-to-ashkelon-residents-leave-or-die-667939,66,BigTasty789,0,,8
176,176,exbosnian serb wartime leader karadzic serve jail term uk,11,nat17h,https://www.nbcnews.com/news/world/ex-bosnian-serb-wartime-leader-karadzic-serve-jail-term-u-n1267094,3,Bream1000,11,,11
177,177,covid serious failures global response report finds,10,nattuh,https://www.bbc.com/news/world-57085505,4,human-no560,10,,10
178,178,father daughter killed lod early morning rocket barrage,10,nalm3b,https://www.ynetnews.com/article/Bk1LdRuOO,50,Educational_Store699,10,,11
179,179,israeli energy pipeline hit iron dome fails intercept missile,5321,na62wv,https://www.dailysabah.com/world/mid-east/israeli-energy-pipeline-hit-as-iron-dome-fails-to-intercept-missile,1180,pi3141592653589,5321,,11
180,180,uk ban live animal exports slaughter part welfare plan,66,nad48f,https://www.reuters.com/world/uk/uk-ban-live-animal-exports-slaughter-part-welfare-plan-2021-05-11/?taid=609b2d4612982200014dd253,6,ArmchairGhazi,66,,13
181,181,jerusalem patriarchs heads churches appeal end violence,93,nab2g1,https://www.vaticannews.va/en/church/news/2021-05/jerusalem-violence-patriarchs-heads-churches-appeal-stop-violenc.html,6,2N128W,93,,12
182,182,china russia want vaccinate developing world west,25,naffqn,https://edition.cnn.com/2021/05/11/china/china-russia-covid-vaccine-dst-intl-hnk/index.html,59,cambeiu,25,,12
183,183,modi govt rejected proposal import liquid medical oxygen pakistan says indian punjabs cm,1396,n9s95t,https://www.dawn.com/news/1623103,180,Blackbeard_,1396,,15
184,184,israeli airstrike kills top hamas commander netanyahu vows iron fist needed,6,navhdf,https://www.foxnews.com/world/israeli-airstrike-kills-top-hamas-commander-as-netanyahu-vows-iron-fist-if-needed,4,calculatinggiveadamn,6,,14
185,185,champions league tax avoidance uber used 50 dutch shell companies dodge taxes nearly 6 billion revenue report says,817,natnhg,https://www.businessinsider.com.au/uber-tax-avoidance-50-dutch-shell-companies-5-billion-revenue-2021-5?r=US&IR=T,50,Bream1000,817,,22
186,186,argentina confirms first cases covid19 variants india south africa,28,naimdc,https://www.reuters.com/world/americas/argentina-confirms-first-cases-covid-19-variants-india-south-africa-2021-05-10/,8,kamikkazet,28,,11
187,187,brazil amazon illegal miners fire indigenous group,820,na6vw8,https://www.bbc.co.uk/news/world-latin-america-57069504/,24,reginold,820,,8
188,188,israeli palestinian violence pulls us focus back middle east despite bidens plans,9,nalv1w,https://edition.cnn.com/2021/05/12/politics/biden-middle-east-israelis-palestinians/index.html,38,LORD_SHARDUL,9,,14
189,189,misguided 5g vandals wreck broadband service rural somerset,22,nav37c,https://www.ispreview.co.uk/index.php/2021/05/misguided-5g-vandals-wreck-broadband-service-in-rural-somerset.html,3,signed7,22,,9
190,190,uk ban lgbt conversion therapy provide support,9468,n9vx65,https://www.reuters.com/world/uk/uk-ban-lgbt-conversion-therapy-provide-more-support-2021-05-11/,498,Lixard52,9468,,10
191,191,editor activists urge release myanmar journalists arrested thailand fleeing junta,20,nahikl,https://www.rfa.org/english/news/myanmar/thailand-05112021181454.html,1,PlacozoanNeurons,20,,13
192,192,covid boris johnson announces coronavirus public inquiry,5,nampi1,https://www.bbc.co.uk/news/uk-57088314,2,VORTXS,5,0.0,7
193,193,cameroon jails transgender women attempted homosexuality,75,naogjh,https://www.bbc.co.uk/news/world-africa-57085664,14,canadaoilguy,75,1.0,6
194,194,cats must microchipped animal care plan,13,nakhzd,https://www.bbc.co.uk/news/science-environment-57068182,8,mouth_of_the_tyne,13,2.0,6
195,195,rawiri waititi maori mp thrown new zealand parliament debate haka,19,naosrb,https://news.sky.com/story/rawiri-waititi-maori-mp-thrown-out-of-new-zealand-parliament-debate-for-doing-haka-12304181?dcmp=snt-sf-twitter,14,Wolf35999,19,3.0,10
196,196,gaza city commander killed israeli airstrike hamas times india,54,naphpq,https://timesofindia.indiatimes.com/world/middle-east/gaza-city-commander-killed-by-israeli-airstrike-hamas/articleshow/82576016.cms,22,canadaoilguy,54,4.0,9
197,197,israel calls biden administration stay jerusalem crisis,13594,nabees,https://news.yahoo.com/amphtml/israel-calls-biden-administration-stay-095836346.html,2316,gerundwizard,13594,5.0,7
198,198,brazil suspends use astrazeneca vaccine pregnant women nationally death,8,nameal,https://www.reuters.com/business/healthcare-pharmaceuticals/brazil-health-agency-calls-halt-astrazeneca-vaccine-pregnant-women-2021-05-11/,5,edifsego,8,6.0,9
199,199,nepal faces fresh political crisis top deepening coronavirus crisis,2,namayo,https://kathmandupost.com/politics/2021/05/12/nepal-faces-fresh-political-crisis-on-top-of-a-deepening-coronavirus-crisis,0,phalano,2,7.0,9
200,200,hackers use cyber attack american pipeline,1,nao457,https://www.politico.com/news/2021/05/10/colonial-pipeline-cyber-486726,1,Sorryunowin,1,8.0,6
201,201,taiwan says china maliciously blocking,16698,n9r192,https://www.reuters.com/world/asia-pacific/taiwan-says-china-is-maliciously-blocking-it-who-2021-05-11/,730,Acrzyguy,16698,9.0,5
202,202,eu court rejects order amazon pay back 300 million taxes,35,naluf0,https://www.cnbc.com/2021/05/12/eu-court-rejects-an-order-for-amazon-to-pay-back-300-million-in-taxes.html,7,goforth1457,35,10.0,10
203,203,bosnia police arrest woman financing islamic fighters,32,nambcm,https://apnews.com/article/europe-middle-east-arrests-religion-government-and-politics-f28497ae5617eda14d636f23fcc5526a,0,Sanlear,32,11.0,7
204,204,israel air strike fells gaza tower block 38 dead fullscale war feared,4218,naktcq,https://www.mirror.co.uk/news/world-news/israel-air-strike-destroys-gaza-24089478,1586,chrisjd,4218,12.0,12
205,205,unicef calls uk give 20 vaccines countries,6,nan3v6,https://www.theguardian.com/society/2021/may/12/unicef-calls-on-uk-to-give-20-of-vaccines-to-other-countries,7,edifsego,6,13.0,7
206,206,twitter gives millions welfare wing indias rss paramilitary,16,naoh2s,https://pieterjfriedrich.medium.com/twitter-gives-millions-to-welfare-wing-of-indias-rss-paramilitary-1e14d4c009f6,3,UrUncleRick,16,14.0,8
207,207,mums internet research vaccines doesnt make expert court decides,16,narayd,https://www.stuff.co.nz/national/crime/125082710/mums-internet-research-on-vaccines-doesnt-make-her-an-expert-court-decides,0,rudreads,16,15.0,9
208,208,one four cities cannot afford climate crisis protection measures study,17,nagrju,https://www.theguardian.com/environment/2021/may/12/one-in-four-cities-cannot-afford-climate-crisis-protection-measures-study,3,MoonshotHorizon,17,16.0,10
209,209,death toll rises gaza israel intense hostilities years,11,nalwbc,https://www.reuters.com/world/middle-east/35-killed-gaza-3-israel-violence-escalates-2021-05-12/,24,LORD_SHARDUL,11,17.0,8
210,210,tel aviv area hit massive wave rockets gaza least 1 killed,27,nanruy,https://www.ynetnews.com/article/H100WHVOdO#autoplay,67,BigTasty789,27,18.0,11
211,211,bjp leaders share puff piece replete misinformation defend pm modi covid crisis,4,napxqx,https://www.deccanherald.com/national/bjp-leaders-share-puff-piece-replete-with-misinformation-to-defend-pm-modi-on-covid-crisis-984872.html,0,sector3011,4,19.0,12
212,212,global chip shortage could last 2023,28,nak6z5,https://www.cnbc.com/2021/05/12/the-global-chip-shortage-could-last-until-2023-.html,6,cambeiu,28,20.0,6
213,213,us opposition blocks un security council statement condemning jerusalem violence14 15 un security council members supported statement,382,nalinc,https://english.alarabiya.net/News/middle-east/2021/05/11/US-opposition-blocks-UN-Security-Council-statement-on-Jerusalem-violence,46,Dct_7,382,21.0,17
214,214,man fled tiger caught animal loose houston police say,15,nalmr9,https://www.cnn.com/2021/05/10/us/houston-tiger-murder-suspect-trnd/index.html,3,Bed-Tall,15,22.0,9
215,215,covid19 warnings ignored independent review global response finds,69,namy1z,https://www.abc.net.au/news/2021-05-12/covid19-warnings-ignored-global-response-review-finds/100135510,11,Lobsty501,69,23.0,8
216,216,germany orders suspension controversial new whatsapp tcs,47,naoajd,https://swacash.com/2021/05/12/germany-orders-suspension-of-controversial-new-whatsapp-tcs/,1,AmerBekic,47,25.0,7
217,217,monstrouslooking fish normally found thousands feet deep ocean washed california beach,22,nam93q,https://www.cnn.com/2021/05/11/us/anglerfish-football-fish-california-trnd-scn/index.html,2,sndcloud,22,26.0,11
218,218,israel ramp deadly airstrikes gaza rockets rain deaths mount sides,17,naog0g,https://www.cbsnews.com/news/israel-gaza-airstrikes-rockets-middle-east-news-2021-05-11/,33,sandleaz,17,27.0,10
219,219,myanmar beauty queen takes arms junta france 24,35,nalwpb,https://www.france24.com/en/live-news/20210512-myanmar-beauty-queen-takes-up-arms-against-junta,2,stein77700,35,28.0,8
220,220,greece offers 300000 reward killers strangled britishborn student front baby,43,nae6h5,https://www.theguardian.com/world/2021/may/11/greece-offers-300000-reward-for-killers-who-strangled-british-born-student-in-front-of-baby,5,cardart,43,29.0,10
221,221,british troops twice likely killed afghanistan us forces,78,nakj7n,https://www.theguardian.com/world/2021/may/12/british-troops-were-twice-as-likely-to-be-killed-in-afghanistan-as-us-forces?CMP=Share_AndroidApp_Other,19,billypilgrim87,78,30.0,8
222,222,argentina confirms first cases covid19 variants india south africa,26,naimdc,https://www.reuters.com/world/americas/argentina-confirms-first-cases-covid-19-variants-india-south-africa-2021-05-10/,8,kamikkazet,26,32.0,9
223,223,radovan karadi serve rest sentence british prison,7,napwsd,https://www.theguardian.com/world/2021/may/12/radovan-karadzic-to-serve-rest-of-sentence-in-british-prison,5,pipsdontsqueak,7,33.0,7
224,224,instagram twitter deleting posts palestine blame glitch,42103,n9j717,https://news.trust.org/item/20210510165535-38v1l,2104,Dark-X,42103,34.0,7
225,225,wolf hunting banned slovakia,249,nang4i,https://www.downtoearth.org.in/news/wildlife-biodiversity/wolf-hunting-banned-in-slovakia-76872,8,zsreport,249,35.0,4
226,226,indian woman ties knot alleged rapist police station indias rajasthan,11,nalcup,https://www.latintimes.com/indian-woman-ties-knot-her-alleged-rapist-police-station-indias-rajasthan-470897,15,Mate-Kiddleton,11,36.0,10
227,227,french court rule wednesday whether air france airbus stand trial 2009 crash rio de janeiro paris flight killed 228 people board general prosecutors office seeking manslaughter trial air france airbus,21,naftak,https://www.france24.com/en/live-news/20210512-french-court-to-rule-on-air-france-airbus-trial-over-rio-paris-crash,8,DoremusJessup,21,37.0,30
228,228,indian doctors warn cow dung covid cure,6,naj63n,https://www.reuters.com/world/india/indian-doctors-warn-against-cow-dung-covid-cure-2021-05-11/,18,codati2000,6,38.0,7
229,229,ellen degeneres end talk show 19 years,4,narmd7,https://www.bbc.co.uk/news/entertainment-arts-57091501,9,AdvanceComplex2552,4,40.0,7
230,230,despite reversing onechild policy chinas population growth slowest decades couples delay kids amid rising costs,8,naqcga,https://www.insider.com/chinas-population-growth-the-slowest-it-has-been-in-decades-2021-5,17,BelleAriel,8,42.0,15
231,231,amazon 250m back taxes demand overturned court,4,naquzk,https://www.bbc.co.uk/news/technology-57089168,0,FatFreddysCoat,4,44.0,7
232,232,indian coronavirus variant spread almost 50 countries says,19,nanlc8,https://www.washingtonpost.com/nation/2021/05/12/coronavirus-covid-live-updates-us/,7,AoiTopGear,19,45.0,8
233,233,israel hamas escalate heavy fighting end sight,164,nae6n7,https://apnews.com/article/world-news-ap-top-news-benjamin-netanyahu-militant-groups-united-nations-ad7d5a99e382dcdd3e5df45f33be1b43,116,LookAtMePlease9,164,46.0,7
234,234,1000 rockets fired gaza toward israel since start latest escalation,23,nar8ky,https://www.i24news.tv/en/news/israel/diplomacy-defense/1620800706-liveblog-more-than-850-rockets-fired-from-gaza-toward-israel-since-start-of-latest-escalation,11,idontlikesushi,23,47.0,10
235,235,father daughter killed lod early morning rocket barrage,9,nalm3b,https://www.ynetnews.com/article/Bk1LdRuOO,49,Educational_Store699,9,48.0,8
236,236,us trade chief tai vows use new usmca trade pact address mexican labor issues,3,nargul,https://www.reuters.com/world/americas/us-trade-chief-tai-vows-use-new-usmca-trade-pact-address-mexican-labor-issues-2021-05-12/,0,AuntTifaNews,3,49.0,14
237,237,covid variant first detected india found 44 countries,5,nanks2,https://www.aljazeera.com/news/2021/5/12/covid-variant-first-detected-in-india-found-in-44-countries-who,0,vokiel,5,50.0,8
238,238,us sanctions 7 hezbollah finances,21,naoiw0,https://www.al-monitor.com/originals/2021/05/us-sanctions-7-over-hezbollah-finances,4,FeydSeswatha982,21,51.0,5
239,239,world health organisation declared global emergency earlier prevent outbreak pandemic report finds,208,nalty6,https://news.sky.com/story/covid-19-world-health-organisation-should-have-declared-global-emergency-earlier-to-prevent-outbreak-of-pandemic-report-finds-12304277,37,NoTieAccountant,208,54.0,12
240,240,macrons party pulls support local election candidate hijab,14,nala83,https://www.reuters.com/article/us-france-politics-islam/macrons-party-pulls-support-for-local-election-candidate-over-hijab-idUSKBN2CT16I,19,kevin_dung,14,55.0,8
241,241,number injured russia school shooting rises 23,4,naqzl5,https://www.foxnews.com/world/number-injured-russia-school-shooting-23,2,mehedi475871,4,56.0,7
242,242,gaza tower block collapses israeli strike live,100,nacuwg,https://www.aljazeera.com/news/2021/5/11/israel-launches-fresh-air-raids-on-besieged-gaza-strip-live-news,71,busfpga,100,57.0,7
243,243,maldives bans travel south asia covid cases soar,10,nanlgv,https://www.aljazeera.com/news/2021/5/12/maldives-bans-travel-from-south-asia-as-covid-cases-soar,2,vokiel,10,58.0,8
244,244,softbank shocked critics landing biggest profit history japanese company,21,nana7t,https://www.cnbc.com/2021/05/12/softbank-joins-top-corporate-earners-with-its-37-billion-vision-fund-profit.html,1,cambeiu,21,60.0,9
245,245,israeli palestinian violence pulls us focus back middle east despite bidens plans,6,nalv1w,https://edition.cnn.com/2021/05/12/politics/biden-middle-east-israelis-palestinians/index.html,34,LORD_SHARDUL,6,62.0,12
246,246,french court rejects claim agent orange damage vietnam war,345,n9zbpx,https://www.reuters.com/world/asia-pacific/french-court-rejects-claim-agent-orange-lawsuit-2021-05-10/,35,LaChancla911,345,64.0,9
247,247,china slams new zealand parliaments motion uighur abuses,7,nao5ym,https://www.msn.com/en-us/news/world/china-slams-new-zealand-parliament-e2-80-99s-motion-on-uighur-abuses/ar-BB1gq1j4,7,LeftUnite47,7,65.0,8
248,248,like embers barbecue pit nuclear reactions smoldering chernobyl,1268,n9vbyr,https://www.sciencemag.org/news/2021/05/nuclear-reactions-reawaken-chernobyl-reactor,239,paleidentikit,1268,67.0,8
249,249,japans muji appeals china advertising use xinjiang cotton,28,najxed,https://www.wsj.com/articles/japans-muji-appeals-to-china-by-advertising-use-of-xinjiang-cotton-11620692294?mod=e2tw,1,spicy_kc,28,68.0,8
250,250,13 year old boy crushed death sleeping dumpster outside mcdonalds along two friends,218,najwfk,https://nypost.com/2021/05/11/australian-teen-crushed-to-death-after-sleeping-in-dumpster/,52,IsThereAGodOMG,218,70.0,13
251,251,historical nihilism china deletes two million online posts insulting communist heroes,78,nam428,https://www.msn.com/en-in/news/world/historical-nihilism-china-deletes-two-million-online-posts-insulting-communist-heroes/ar-BB1gDzh3,17,Biraat-Khopoli,78,73.0,11
252,252,42 killed colombia protests human rights agency says,415,na8osr,https://apnews.com/article/colombia-health-coronavirus-pandemic-e43eb87ac930ac9c0c26c1941661263c,9,pleasantzones,415,74.0,8
253,253,taiwan warns covid alert level could rise yet shares tumble,3,naqyq3,https://www.reuters.com/world/asia-pacific/taiwan-may-raise-covid-19-alert-shut-non-essential-shops-2021-05-12/,0,mehedi475871,3,75.0,10
254,254,hamas fires iranianmade cruise missiles first time three israelis killed,40,nah5v0,https://www.richardsilverstein.com/2021/05/11/breaking-hamas-fires-iranian-made-cruise-missiles-for-first-time-three-israelis-killed/,35,zenonidenoni,40,77.0,10
255,255,idf strikes hamas leaders amid heavy rocket attacks major rioting lod,0,naloqz,https://www.timesofisrael.com/liveblog-may-11-2021/,1,Factsmatter2metoo,0,79.0,11
256,256,israeli flags burned outside 2 german synagogues free palestine spraypainted another spain,110,naq5x7,https://www.jta.org/quick-reads/israeli-flags-burned-outside-2-german-synagogues-free-palestine-spray-painted-on-another-in-spain,96,Mdk_251,110,80.0,12
257,257,israel steps gaza airstrikes focus eliminating terror chiefs,22,nakyun,https://www.jpost.com/israel-news/israel-striking-gaza-in-response-to-rocket-barrage-directed-at-jerusalem-667776,97,mdurgesh,22,81.0,8
258,258,death toll since latest offensive began stood 48 including 14 children 300 others wounded,0,nam5dg,https://www.aljazeera.com/news/2021/5/12/israeli-bombardment-continues-on-gaza,7,That-Firefighter1164,0,82.0,14
259,259,doctors india warning practice using cow dung belief ward covid19 saying scientific evidence effectiveness risks spreading diseases,1742,n9o6e0,https://www.reuters.com/world/india/indian-doctors-warn-against-cow-dung-covid-cure-2021-05-11/,297,tonytharakan,1742,84.0,17
260,260,uk government plan toughen voter id rules draws criticism,21,namojj,https://www.usnews.com/news/business/articles/2021-05-12/uk-government-plan-to-toughen-voter-id-rules-draws-criticism,12,Factsmatter2metoo,21,86.0,9
261,261,china defends handling control rocket fell earth,9,naph8g,https://abcnews.go.com/Technology/wireStory/china-defends-handling-rocket-fell-earth-77596644,22,GOR098,9,87.0,7
262,262,hamas fired 15 rockets toward dimona home israels nuclear reactor,46,nanx1k,https://www.timesofisrael.com/liveblog_entry/sirens-sound-in-beersheba-and-dimona-home-to-israels-main-nuclear-reactor/,55,TransGerman,46,89.0,10
263,263,ireland urged use un security council role intervene palestineisrael conflict,165,naflqw,https://www.irishexaminer.com/news/politics/arid-40286774.html,27,Ciaran123C,165,90.0,10
264,264,amazon wins case eu regulators luxembourg taxes,4,naq56g,https://www.npr.org/2021/05/12/996118335/amazon-wins-case-against-eu-regulators-over-luxembourg-taxes,2,misana123,4,93.0,7
265,265,reviewing seychelles data fully vaccinated get covid,10,nani3n,https://www.aljazeera.com/news/2021/5/12/who-reviewing-seychelles-data-after-fully-vaccinated-get-covid,12,vokiel,10,95.0,7
266,266,nato exercises sweep europe amid russian escalation rising tensions moscow us,5,nalvu1,https://edition.cnn.com/2021/05/11/politics/romania-nato-exercises-russia/index.html,0,LORD_SHARDUL,5,96.0,11
267,267,irish travellers racially abused following controversial channel 4 dispatches programme,18,nak5sd,https://inews.co.uk/news/uk/irish-travellers-racially-abuse-channel-4-dispatches-truth-traveller-crime-programme-996159,2,apple_kicks,18,97.0,10
268,268,russia mourns victims kazan school shooting,8,naqna0,https://www.ibtimes.com/russia-mourns-victims-kazan-school-shooting-3197474,1,spinning_carousel,8,99.0,6
269,269,boris johnson urges israel palestinians step back brink tensions rise,166,nalekm,https://www.independent.co.uk/news/uk/politics/boris-johnson-israel-palestine-gaza-b1846107.html,43,usmilitarythrowaway1,166,100.0,10
270,270,afghanistan taliban captures strategic district close kabul,6,naq6el,https://www.dw.com/en/afghanistan-taliban-captures-strategic-district-close-to-kabul/a-57503194,4,Jeremy_Martin,6,101.0,7
271,271,labgrown meat firms attract sixfold increase investment,1115,na6sa3,https://www.theguardian.com/environment/2021/may/11/lab-grown-meat-companies-swallow-record-investments/,193,reginold,1115,105.0,7
272,272,israel vows stop gaza attacks complete quiet,40,nar8t8,https://www.theguardian.com/world/2021/may/12/israel-only-stop-gaza-attacks-when-complete-quiet?,29,Akephalos_Agares,40,106.0,7
273,273,indigenous new zealand lawmaker censured haka protest,12,nalxtz,https://thinkpol.ca/2021/05/12/indigenous-new-zealand-lawmaker-censured-for-haka-protest/,3,pelicanthief,12,108.0,7
274,274,30 dead gaza israel fighting quickly escalates,60,nacf9i,https://www.nytimes.com/2021/05/11/world/middleeast/israel-gaza-airstrikes.html,24,busfpga,60,109.0,7
275,275,taiwans gigabyte technology faces boycott china mocking lowquality manufacturing mainland,41,namcce,https://www.scmp.com/tech/tech-trends/article/3133171/taiwans-gigabyte-technology-faces-boycott-china-after-mocking-low,54,amoebafinite,41,111.0,10
276,276,japan begins first joint military drill us france,14,naq6wj,https://japantoday.com/category/politics/japan-launches-first-joint-military-drill-with-us-france,1,AsiaOnline,14,112.0,8
277,277,indian woman killed israel struck rocket strike video call husband,13,najrqi,https://www.wionews.com/india-news/indian-woman-killed-in-israel-was-struck-by-rocket-strike-during-a-video-call-with-husband-384415,0,sbmthakur,13,114.0,10
278,278,senior hamas commander killed israeli airstrike gaza,31,naqslr,https://www.businessinsider.com/senior-hamas-commander-killed-israeli-airstrike-gaza-2021-5?r=DE&IR=T,12,spinning_carousel,31,116.0,7
279,279,covid india sorrow turns anger prime minister modis pandemic response npr,136,nair3m,https://www.npr.org/2021/05/11/995446333/this-government-has-failed-us-anger-rises-in-india-over-pm-modis-covid-response,17,exit-stage-tight,136,117.0,11
280,280,covid19 pandemic preventable independent review panel said panel set world health organization said combined response global governments toxic cocktail,60,naq486,https://www.bbc.com/news/world-57085505,3,NinjaDiscoJesus,60,119.0,19
281,281,indias covid nightmare newlines magazine,3,naojlo,https://newlinesmag.com/reportage/indias-covid-nightmare/,0,FeydSeswatha982,3,120.0,5
282,282,venezuelan opposition leader proposes accord maduro easing sanctions,9,najqd2,https://www.nbcnews.com/news/latino/venezuelan-opposition-leader-juan-guaid-proposes-accord-maduro-rcna905,0,reddit-mailinator,9,121.0,8
283,283,israelgaza fears war violence escalates,10,namonk,https://www.bbc.com/news/world-middle-east-57083595,27,sreeker6,10,125.0,5
284,284,afghan forces battle recapture talibanheld kabul outskirt,5,nar449,https://www.aljazeera.com/news/2021/5/12/afghan-forces-battle-to-recapture-taliban-held-kabul-outskirt,1,vokiel,5,127.0,7
285,285,scientists race study variants india cases explode,16,nambc5,https://apnews.com/article/europe-india-coronavirus-pandemic-science-health-fab2f1d6d08fd2442acf6a7e737866c4?utm_source=Sailthru&utm_medium=email&utm_campaign=May12_MorningWire&utm_term=Morning%20Wire%20Subscribers,2,GDW312,16,130.0,7
286,286,uk ban lgbt conversion therapy provide support,9420,n9vx65,https://www.reuters.com/world/uk/uk-ban-lgbt-conversion-therapy-provide-more-support-2021-05-11/,495,Lixard52,9420,132.0,7
287,287,netanyahu declares state emergency lod due widespread violent rioting first use emergency powers arab community israel since end military administration arabs israel 1966,4144,na993b,https://www.timesofisrael.com/liveblog_entry/netanyahu-declares-state-of-emergency-in-lod/,1061,1MorePint,4144,133.0,23
288,288,far right ready slice real power sweden,5,nalln7,https://www.bloombergquint.com/politics/the-far-right-is-ready-to-claim-a-slice-of-real-power-in-sweden,1,Factsmatter2metoo,5,134.0,7
289,289,china sinovac shot seen highly effective real world study,22,nafm21,https://www.bloomberg.com/news/articles/2021-05-11/china-s-sinovac-shot-found-highly-effective-in-real-world-study,4,alanwong,22,137.0,9
290,290,school attack means afghanistans future,12,najdw3,https://www.npr.org/2021/05/11/995948176/what-the-school-attack-means-for-afghanistans-future,2,Maxcactus,12,140.0,5
291,291,colombias police force built war finds new one,6,naqxzs,https://www.nytimes.com/2021/05/12/world/americas/colombia-protest-police-abuse.html,1,mehedi475871,6,141.0,8
292,292,idf shin bet say senior members hamas killed targeted strikes,13,nanrcj,https://www.ynetnews.com/article/HkcZbSFdu,4,BigTasty789,13,143.0,10
293,293,eritrean troops disguised ethiopian military blocking critical aid tigray,38,nahc94,https://www.cnn.com/2021/05/12/africa/tigray-axum-aid-blockade-cmd-intl/index.html,0,jerusalemg,38,145.0,9
294,294,covid surges 4 5 vaccinated countries,11,namee4,https://www.forbes.com/sites/roberthart/2021/05/11/covid-surges-in-4-of-5-worlds-most-vaccinated-countries-heres-why-the-us-should-worry/?sh=193d51ed6771,18,BisonFarts1,11,146.0,6
295,295,escalating mideast violence bears hallmarks 2014 gaza war,19,namabu,https://apnews.com/article/united-nations-africa-gaza-middle-east-violence-cb885f54369c7f4799aff0d8e421212c?utm_source=Sailthru&utm_medium=email&utm_campaign=May12_MorningWire&utm_term=Morning%20Wire%20Subscribers,41,GDW312,19,148.0,8
296,296,us coast guard ship fired around 30 warning shots iranian fast boats latest tense encounter,411,na1ywz,https://edition.cnn.com/2021/05/10/politics/us-navy-warning-shots-iranian-fast-boats-strait-of-hormuz/index.html,107,EnoughEngine,411,149.0,15
297,297,bankers quit london brexit relocations eu step,105,naolpg,https://www.reuters.com/business/finance/bankers-quit-london-brexit-relocations-eu-step-up-2021-05-12/,14,AuntTifaNews,105,150.0,7
298,298,twitter said restricted palestinian writers account accident,876,nakqhg,https://www.vice.com/en/article/qj8b4x/twitter-said-it-restricted-palestinian-writers-account-by-accident,74,chrisjd,876,153.0,7
299,299,hundreds south africans rallied tuesday israeli attacks palestinians least 28 people killed following clashes flashpoint alaqsa mosque jerusalem,5839,na25kq,https://www.france24.com/en/live-news/20210511-south-africans-protest-over-palestinian-deaths,574,DoremusJessup,5839,156.0,18
300,300,climate emissions shrinking stratosphere scientists reveal,20,napocb,https://www.theguardian.com/environment/2021/may/12/emissions-shrinking-the-stratosphere-scientists-find?CMP=Share_iOSApp_Other,2,Akephalos_Agares,20,157.0,6
301,301,queen announces voters need photo id general elections britain,779,nadli4,https://www.theguardian.com/politics/2021/may/10/queens-speech-photo-id-future-elections-social-care?CMP=Share_iOSApp_Other,578,tihotihotiho,779,159.0,9
302,302,israelgaza violence death toll rises un envoy warns heading fullscale war,11,nao991,https://news.sky.com/story/israeli-pm-netanyahu-hamas-will-pay-heavy-price-as-violence-continues-12303987,26,flacao9,11,168.0,11
303,303,nearly fifth earths surface transformed since 1960,71,nagneu,https://www.ctvnews.ca/climate-and-environment/nearly-a-fifth-of-earth-s-surface-transformed-since-1960-1.5423631,9,JagmeetSingh2,71,175.0,7
304,304,animals formally recognised sentient beings uk law,30376,nahbnf,https://www.theguardian.com/world/2021/may/12/animals-to-be-formally-recognised-as-sentient-beings-in-uk-law,2648,Illustrious_Welder94,30376,178.0,7
305,305,eye africa ethiopias tigray risks starvation antifarming campaign underway official claims,22,nak3al,https://www.france24.com/en/tv-shows/eye-on-africa/20210511-tigray-risks-starvation-as-anti-farming-campaign-underway-claims-official-eye-on-africa,1,cognizant_ape,22,181.0,11
306,306,indian woman state kerala killed gaza launches rocket attacks israel,684,nakm5s,https://www.msn.com/en-in/news/world/israel-palestine-conflict-kerala-woman-killed-as-gaza-launches-rocket-attacks-on-israel/ar-BB1gDaPK,148,Biraat-Khopoli,684,187.0,10
307,307,editor activists urge release myanmar journalists arrested thailand fleeing junta,19,nahikl,https://www.rfa.org/english/news/myanmar/thailand-05112021181454.html,1,PlacozoanNeurons,19,189.0,10
308,308,two decades talks world trade organization towards banning subsidies contribute overfishing lead negotiator said tuesday deal could within reach,256,na23h3,https://www.france24.com/en/live-news/20210511-wto-deal-doable-to-stop-subsidies-that-lead-to-over-fishing,11,DoremusJessup,256,190.0,19
309,309,botanist welcomes eu court ruling pesticides harm bees study aims measure presence longlived chemicals irish environment,1,nas0sv,https://www.irishtimes.com/news/environment/botanist-welcomes-eu-court-ruling-on-pesticides-that-can-harm-bees-1.4560946,0,IheartGMO,1,191.0,16
310,310,hamas hails victory battle jerusalem onslaught central israel,18,nagxar,https://www.timesofisrael.com/hamas-hails-victory-in-battle-for-jerusalem-after-onslaught-on-central-israel/,21,Mdk_251,18,193.0,8
311,311,thousands propalestinian new yorkers pack midtown protest israel,1115,nann7k,https://www.timesofisrael.com/thousands-of-pro-palestinian-new-yorkers-pack-midtown-in-protest-against-israel/,392,AoiTopGear,1115,195.0,8
312,312,brazil suspends use astrazeneca covid19 vaccine pregnant women,36,nabtik,https://www.reuters.com/world/americas/brazil-suspends-use-astrazeneca-covid-19-vaccine-pregnant-women-2021-05-11/?taid=609b1700aa744f0001aa70c4&utm_campaign=trueAnthem:+Trending+Content&utm_medium=trueAnthem&utm_source=twitter,5,BisonFarts1,36,197.0,8
313,313,covid pandemic could prevented world acted quicker says report group independent experts critical empowered says panel cochair,7,naqxxp,https://www.independent.co.uk/news/health/covid-cases-deaths-who-un-b1846233.html,9,innperialkong,7,198.0,17
314,314,another thai protest leader says covid19 weeks jail,14,naj6zw,https://www.reuters.com/world/asia-pacific/another-thai-protest-leader-says-has-covid-19-after-weeks-jail-2021-05-12/?taid=609b852e12982200014dd3d7&utm_campaign=trueAnthem:+Trending+Content&utm_medium=trueAnthem&utm_source=twitter,0,Adalyn_Sara,14,200.0,8
315,315,myanmar arrests 39 blasts seeking training rebels,8,najbu4,https://www.reuters.com/world/asia-pacific/myanmar-arrests-39-over-blasts-seeking-training-with-rebels-media-2021-05-12/,0,bustead,8,210.0,7
316,316,indonesia finds chinas sinovac 100 effective death 28day real world study,45,nanxeh,https://theprint.in/world/indonesia-finds-chinas-sinovac-100-effective-against-death-in-28-day-real-world-study/656817/,27,bjohn876,45,211.0,11
317,317,hell covid19 ravages rural india,5,nar67r,https://www.ndtv.com/india-news/a-hell-out-here-covid-19-ravages-rural-india-2440439,1,nram76,5,213.0,5
318,318,toronto residents protest outside israeli consulate hundreds palestinian injured east jerusalem,174,nabusi,https://toronto.ctvnews.ca/mobile/toronto-residents-protest-outside-israeli-consulate-after-hundreds-of-palestinians-injured-in-east-jerusalem-1.5421633,7,dustofoblivion123,174,217.0,11
319,319,eu tighten pollution laws clean air water,3,nar55g,https://www.reuters.com/business/environment/eu-tighten-pollution-laws-clean-up-air-water-2021-05-12/?taid=609bf0fbd8fc9d00017426ff&utm_campaign=trueanthem&utm_medium=trueanthem&utm_source=twitter,0,pi3141592653589,3,223.0,7
320,320,red cross warns coronavirus cases exploding asia,6,nar013,https://www.foxnews.com/health/red-cross-warns-coronavirus-cases-exploding-asia,3,mehedi475871,6,232.0,7
321,321,spain expects many 45 mln foreign tourists year minister says,4,namfh0,https://www.reuters.com/world/europe/spain-expects-many-45-mln-foreign-tourists-this-year-minister-says-2021-05-12/,3,john217,4,233.0,10
322,322,time waste needs new powers control future outbreaks report says,6,nalp3g,https://www.smh.com.au/national/there-is-no-time-to-waste-who-needs-new-powers-to-control-future-outbreaks-report-says-20210512-p57rcy.html,18,Frankenclyde,6,234.0,10
323,323,british canadian troops twice likely killed afghanistan us forces,14,nakh5n,https://www.theguardian.com/world/2021/may/12/british-troops-were-twice-as-likely-to-be-killed-in-afghanistan-as-us-forces,3,CheckAirportGuy,14,236.0,9
324,324,ukraine says russia still 100000 troops near border,57,naq81a,https://www.reuters.com/world/europe/ukraine-says-russia-still-has-100000-troops-near-its-border-2021-05-11/,5,GOR098,57,239.0,8
325,325,women unfairly hired meet queensland police gender targets corruption watchdog finds,21,nao280,https://www.abc.net.au/news/2021-05-12/queensland-police-recruiting-women-crime-corruption-report/100133594,9,MyVideoConverter,21,243.0,11
326,326,brazil buys 100 million doses pfizers covid19 vaccine,114,naehr7,https://www.reuters.com/business/healthcare-pharmaceuticals/brazil-buys-100-million-more-doses-pfizers-covid-19-vaccine-2021-05-12/?taid=609b3dafaa744f0001aa7196&utm_campaign=trueAnthem:+Trending+Content&utm_medium=trueAnthem&utm_source=twitter,13,BisonFarts1,114,245.0,8
327,327,indian government says 5g doesnt cause covid19 also points india 5g networks,44885,n9xra8,https://www.theregister.com/2021/05/11/india_5g_covid_19/,1059,Kuchbhilikhlo,44885,247.0,12
328,328,living fossil thought extinct 273 million years found thriving ocean floor,1434,naad81,https://www.sciencealert.com/living-fossil-thought-extinct-for-273-million-years-found-thriving-on-the-ocean-floor,69,AidThisFellowUser,1434,252.0,11
329,329,indian workers allege shocking violations building hindu temple new jersey usa,16,naivwm,https://indianexpress.com/article/world/indian-workers-allege-shocking-violations-in-building-hindu-temple-in-new-jersey-7311615/,4,GL4389,16,258.0,11
330,330,german cabinet approves landmark climate bill german government approved bill would reduce greenhouse gas emissions faster rate goal becoming climate neutral 2045,35,namoj4,https://www.dw.com/en/german-cabinet-approves-landmark-climate-bill/a-57506938,0,misana123,35,268.0,22
331,331,35 killed gaza 3 israel violence escalates,69,nacbxx,https://www.reuters.com/world/middle-east/35-killed-gaza-3-israel-violence-escalates-2021-05-12/,18,busfpga,69,278.0,7
332,332,former myanmar beauty queen takes arms military junta,15,naqv97,https://www.scmp.com/news/asia/southeast-asia/article/3133241/former-myanmar-beauty-queen-takes-arms-against-military,1,thecoldwinds,15,279.0,8
333,333,1 killed 3 injured hamas fires antitank missile israeli jeep,15,nalvxt,https://www.timesofisrael.com/1-killed-3-injured-as-hamas-fires-anti-tank-missile-at-israeli-jeep/,2,DaDerpyDude,15,284.0,10
334,334,laugh cry cow dung covid cure,4,namcpt,https://www.ndtv.com/india-news/cow-dung-urine-covid-should-we-cry-or-laugh-akhilesh-yadav-on-cow-dung-as-covid-cure-2440150,15,nram76,4,285.0,6
335,335,myanmar beauty queen takes arms junta,409,najw2k,https://www.straitstimes.com/asia/se-asia/myanmar-beauty-queen-takes-up-arms-against-junta,17,vaish7848,409,286.0,6
336,336,1 dead 2 injured hammas fires antitank missile israeli vehicle,20,nakgau,https://www.timesofisrael.com/liveblog-may-12-2021/,31,kage_b19,20,292.0,10
337,337,israel declares emergency lod unrest spreads,64,naf42r,https://www.bbc.com/news/world-middle-east-57081848,45,eric-edmonton,64,294.0,6
338,338,taiwan warns rising covid19 risk share market tumbles,22,najgao,https://www.reuters.com/world/asia-pacific/taiwan-may-raise-covid-19-alert-shut-non-essential-shops-2021-05-12/,1,diacewrb,22,300.0,8
339,339,honduras turns china rich nations hoard covid19 vaccines,57,naclnv,https://www.scmp.com/news/world/americas/article/3133121/coronavirus-honduras-turns-china-rich-nations-hoard-vaccines,15,Ron_Vara_Harvard,57,302.0,8
340,340,promising new alzheimers treatment could help cure disease twenty years first symptoms emerge,157,nanmfl,https://squeekly.com/science/promising-alzheimers-treatment/,8,joachymc,157,307.0,13
341,341,display ceremonial head returning amazon,8,najkvi,https://www.nbcnews.com/science/science-news/display-ceremonial-head-returning-amazon-rcna884,4,reddit-mailinator,8,311.0,5
342,342,gaza apartment block collapses airstrike,142,na81sp,https://www.yahoo.com/news/gaza-apartment-block-collapses-airstrike-200059570.html,86,Home0nWater,142,313.0,5
343,343,netanyahu israel increasing might frequency gaza strikes,742,na3pvo,https://www.ynetnews.com/article/TZF6IS1LC,482,afunnew,742,315.0,7
344,344,b1617 variant 44 countries dont yet know means global pandemic,5,narng3,https://amp.cnn.com/cnn/2021/05/12/world/coronavirus-newsletter-intl-05-12-21/index.html?__twitter_impression=true,10,monaleeparis,5,325.0,10
345,345,china planning new crackdown private tutoring sector,14,nalw53,https://www.reuters.com/business/finance/exclusive-china-planning-new-crackdown-private-tutoring-sector-sources-2021-05-12/,2,Acrzyguy,14,326.0,7
346,346,stand palestine pakistan pm imran khan sends message support palestinians israel strikes back,5,naptvh,https://www.msn.com/en-in/news/world/we-stand-with-palestine-imran-khan-sends-message-of-support-after-israel-attack/ar-BB1gE5wV,7,Biraat-Khopoli,5,331.0,13
347,347,gaza terrorists ashkelon residents leave die,0,nanqox,https://m.jpost.com/breaking-news/gaza-terrorists-to-ashkelon-residents-leave-or-die-667939,64,BigTasty789,0,344.0,6
348,348,drop xinjiang birthrate largest recent history report,27,nao76e,https://apnews.com/article/5aab6b4b99263b535ff1d0e9ae890b8f,19,canadaoilguy,27,349.0,7
349,349,taliban seized district afghan government forces outskirts kabul ahead threeday ceasefire agreed warring sides officials said,13,nan1gh,https://www.france24.com/en/asia-pacific/20210512-taliban-seize-key-district-outside-afghan-capital,5,Purple_Wasabi,13,352.0,16
350,350,us officials believe russia may behind suspected directedenergy attacks getting government employees sick around world report says,17164,na2t3u,https://www.businessinsider.com/directed-energy-attacks-us-officials-think-russia-maybe-behind-report-2021-5,1753,Speedster202,17164,354.0,17
351,351,israeli energy pipeline hit iron dome fails intercept missile,5092,na62wv,https://www.dailysabah.com/world/mid-east/israeli-energy-pipeline-hit-as-iron-dome-fails-to-intercept-missile,1111,pi3141592653589,5092,355.0,9
352,352,internal emails reveal world health organization knew sex abuse claims congo,125,na7684,https://www.pbs.org/newshour/world/internal-emails-reveal-world-health-organization-knew-of-sex-abuse-claims-in-congo,6,misana123,125,358.0,11
353,353,widescale airstrikes israel hits gaza police stations security sites,11,naj2dz,https://www.timesofisrael.com/liveblog_entry/in-widescale-airstrikes-israel-hits-gaza-police-stations-security-sites/,72,ScatteredSignal,11,367.0,9
354,354,600000 slovaks sign referendum early election,1,nas59x,https://www.euractiv.com/section/politics/short_news/600000-slovaks-sign-referendum-for-early-election/,0,Areat,1,370.0,6
355,355,indian covid19 variant behind acceleration indias explosive outbreak found 44 countries around world says,35,naotdz,https://www.france24.com/en/europe/20210512-indian-covid-19-variant-found-in-44-countries-around-world-says-who,14,HenryCorp,35,380.0,14
356,356,dozens bodies believed covid19 victims washed banks ganges river northern india pandemic spreads indias vast rural hinterland locals believe bodies dumped river cremation sites overwhelmed,5889,n9eh13,https://www.theguardian.com/world/2021/may/10/india-dozens-of-suspected-covid-victims-wash-up-on-ganges-river-banks,463,MistWeaver80,5889,383.0,25
357,357,brazil amazon illegal miners fire indigenous group,798,na6vw8,https://www.bbc.co.uk/news/world-latin-america-57069504/,23,reginold,798,390.0,7
358,358,35 killed gaza 5 israel violence escalates,37,nailjd,https://www.reuters.com/world/middle-east/35-killed-gaza-3-israel-violence-escalates-2021-05-12/,2,kamikkazet,37,394.0,7
359,359,jerusalem patriarchs heads churches appeal end violence,97,nab2g1,https://www.vaticannews.va/en/church/news/2021-05/jerusalem-violence-patriarchs-heads-churches-appeal-stop-violenc.html,6,2N128W,97,395.0,7
360,360,china russia want vaccinate developing world west,23,naffqn,https://edition.cnn.com/2021/05/11/china/china-russia-covid-vaccine-dst-intl-hnk/index.html,58,cambeiu,23,410.0,7
361,361,holocaust memorial stumbling blocks defaced antiisrael graffiti cologne germany,108,najob9,https://www.algemeiner.com/2021/05/02/holocaust-memorial-stumbling-blocks-defaced-with-anti-israel-graffiti-in-cologne-germany/,36,PjeterPannos,108,419.0,9
362,362,nepal wants everest climbers bring oxygen tanks back covid patients,9303,n9nhcp,https://www.vice.com/en/article/xgxxjq/nepal-everest-climbers-covid-oxygen-tanks,532,wdomeika,9303,428.0,10
363,363,lod mayor describes kristallnacht civil war city says army must deploy,138,na942z,https://www.timesofisrael.com/liveblog_entry/lod-mayor-describes-kristallnacht-civil-war-in-city-says-army-must-deploy/,50,ueathrowaway123,138,429.0,11
364,364,israel names four hamas commanders killed gaza strikes,75,naom5e,https://www.timesofisrael.com/liveblog_entry/israel-identifies-hamas-commanders-killed-in-strike-on-gaza-base/,68,Ashmedai314,75,434.0,8
365,365,vatican warns us bishops denying communion supporters abortion rights,693,n9yt0b,https://www.npr.org/2021/05/11/995796836/vatican-warns-u-s-bishops-about-denying-communion-to-supporters-of-abortion-righ,220,misana123,693,438.0,9
366,366,idf antitank missile fired israel gaza mda reported three people injured attack two critical another serious,74,najghi,https://www.ynetnews.com/article/ryjHD11Yu00,140,Mdk_251,74,441.0,16
367,367,israeli airstrikes gaza kill 20 people including nine children palestinian officials say,49725,n9gqdz,https://www.washingtonpost.com/world/jerusalem-alaqsa-templemount-haramalsharif/2021/05/10/17f29614-b161-11eb-bc96-fdf55de43bef_story.html,10460,Revolutionary_Two542,49725,455.0,12
368,368,least 35 killed gaza israel ramps airstrikes response rocket attacks,28,naflkb,https://www.cnn.com/2021/05/11/middleeast/israel-gaza-airstrikes-rockets-intl/index.html,79,ted__lasso,28,457.0,10
369,369,tesla reportedly boosting engagement regulators china faces scrutiny country,22,nags2e,https://www.cnbc.com/2021/05/03/tesla-is-reportedly-boosting-engagement-with-regulators-in-china.html,3,BuffDisciplineLearn,22,458.0,9
370,370,china used fake news social platforms discredit western reports amid pandemic report finds,2,nas5hf,https://www.abc.net.au/news/2021-05-12/china-misinformation-ifj-report-covid-19/100135016,0,guanaco55,2,465.0,13
371,371,covid serious failures global response report finds,9,nar4ke,https://www.bbc.com/news/world-57085505,2,wiverix,9,470.0,7
372,372,uk economy shrank 15 first quarter,10,naitr6,https://www.bbc.co.uk/news/business-57083394,0,VORTXS,10,472.0,6
373,373,short vaccines nepal faces looming covid crisis,16,nag5yk,https://www.bbc.com/news/world-asia-57055209,1,aConfusedBot,16,473.0,7
374,374,palestinians fire 850 rockets israel killing 5 israelis including 1 child,38,naifkd,https://m.jpost.com/israel-news/four-dead-from-latest-wave-of-rockets-aimed-at-central-israel-667902,140,wapples,38,475.0,11
375,375,forest size france regrown worldwide 20 years study finds,80,nafjpw,https://www.theguardian.com/environment/2021/may/11/forest-size-of-france-regrown-worldwide?CMP=Share_iOSApp_Other,8,BoGaN223,80,477.0,9
376,376,someone help find good funding organization helps patients hospital expenses supporting cause save family affected covid would like forward case right organization family get enough funds manage hospital expenses,0,nas5ul,https://www.ketto.org/fundraiser/my-mother-is-suffering-from-corona-virus-we-need-your-help-to-provide-for-her-treatment-394625,2,Odd-Cause5810,0,488.0,29
377,377,indias covid deaths cross quarter million mark sign peak,31,naj2u6,https://www.reuters.com/world/india/indias-covid-deaths-cross-quarter-million-mark-no-sign-peak-2021-05-12/,4,DavidofSasun,31,491.0,9
378,378,high bmi linked increase risk testing positive covid19 study,18,nakbmt,https://www.standard.co.uk/news/uk/people-israel-italy-b934340.html,12,diacewrb,18,492.0,9
