,title,score,id,url,coms_num,author,upvotes,word_count
0,covid boris johnson announces coronavirus public inquiry,5,nampi1,https://www.bbc.co.uk/news/uk-57088314,2,VORTXS,5,7
1,cameroon jails transgender women attempted homosexuality,75,naogjh,https://www.bbc.co.uk/news/world-africa-57085664,14,canadaoilguy,75,7
2,cats must microchipped animal care plan,13,nakhzd,https://www.bbc.co.uk/news/science-environment-57068182,8,mouth_of_the_tyne,13,8
3,rawiri waititi maori mp thrown new zealand parliament debate haka,19,naosrb,https://news.sky.com/story/rawiri-waititi-maori-mp-thrown-out-of-new-zealand-parliament-debate-for-doing-haka-12304181?dcmp=snt-sf-twitter,14,Wolf35999,19,14
4,gaza city commander killed israeli airstrike hamas times india,54,naphpq,https://timesofindia.indiatimes.com/world/middle-east/gaza-city-commander-killed-by-israeli-airstrike-hamas/articleshow/82576016.cms,22,canadaoilguy,54,12
5,israel calls biden administration stay jerusalem crisis,13594,nabees,https://news.yahoo.com/amphtml/israel-calls-biden-administration-stay-095836346.html,2316,gerundwizard,13594,11
6,brazil suspends use astrazeneca vaccine pregnant women nationally death,8,nameal,https://www.reuters.com/business/healthcare-pharmaceuticals/brazil-health-agency-calls-halt-astrazeneca-vaccine-pregnant-women-2021-05-11/,5,edifsego,8,12
7,nepal faces fresh political crisis top deepening coronavirus crisis,2,namayo,https://kathmandupost.com/politics/2021/05/12/nepal-faces-fresh-political-crisis-on-top-of-a-deepening-coronavirus-crisis,0,phalano,2,12
8,hackers use cyber attack american pipeline,1,nao457,https://www.politico.com/news/2021/05/10/colonial-pipeline-cyber-486726,1,Sorryunowin,1,7
9,taiwan says china maliciously blocking,16698,n9r192,https://www.reuters.com/world/asia-pacific/taiwan-says-china-is-maliciously-blocking-it-who-2021-05-11/,730,Acrzyguy,16698,9
10,eu court rejects order amazon pay back 300 million taxes,35,naluf0,https://www.cnbc.com/2021/05/12/eu-court-rejects-an-order-for-amazon-to-pay-back-300-million-in-taxes.html,7,goforth1457,35,14
11,bosnia police arrest woman financing islamic fighters,32,nambcm,https://apnews.com/article/europe-middle-east-arrests-religion-government-and-politics-f28497ae5617eda14d636f23fcc5526a,0,Sanlear,32,8
12,israel air strike fells gaza tower block 38 dead fullscale war feared,4218,naktcq,https://www.mirror.co.uk/news/world-news/israel-air-strike-destroys-gaza-24089478,1586,chrisjd,4218,14
13,unicef calls uk give 20 vaccines countries,6,nan3v6,https://www.theguardian.com/society/2021/may/12/unicef-calls-on-uk-to-give-20-of-vaccines-to-other-countries,7,edifsego,6,12
14,twitter gives millions welfare wing indias rss paramilitary,16,naoh2s,https://pieterjfriedrich.medium.com/twitter-gives-millions-to-welfare-wing-of-indias-rss-paramilitary-1e14d4c009f6,3,UrUncleRick,16,10
15,mums internet research vaccines doesnt make expert court decides,16,narayd,https://www.stuff.co.nz/national/crime/125082710/mums-internet-research-on-vaccines-doesnt-make-her-an-expert-court-decides,0,rudreads,16,12
16,one four cities cannot afford climate crisis protection measures study,17,nagrju,https://www.theguardian.com/environment/2021/may/12/one-in-four-cities-cannot-afford-climate-crisis-protection-measures-study,3,MoonshotHorizon,17,12
17,death toll rises gaza israel intense hostilities years,11,nalwbc,https://www.reuters.com/world/middle-east/35-killed-gaza-3-israel-violence-escalates-2021-05-12/,24,LORD_SHARDUL,11,13
18,tel aviv area hit massive wave rockets gaza least 1 killed,27,nanruy,https://www.ynetnews.com/article/H100WHVOdO#autoplay,67,BigTasty789,27,15
19,bjp leaders share puff piece replete misinformation defend pm modi covid crisis,4,napxqx,https://www.deccanherald.com/national/bjp-leaders-share-puff-piece-replete-with-misinformation-to-defend-pm-modi-on-covid-crisis-984872.html,0,sector3011,4,15
20,global chip shortage could last 2023,28,nak6z5,https://www.cnbc.com/2021/05/12/the-global-chip-shortage-could-last-until-2023-.html,6,cambeiu,28,8
21,us opposition blocks un security council statement condemning jerusalem violence14 15 un security council members supported statement,382,nalinc,https://english.alarabiya.net/News/middle-east/2021/05/11/US-opposition-blocks-UN-Security-Council-statement-on-Jerusalem-violence,46,Dct_7,382,21
22,man fled tiger caught animal loose houston police say,15,nalmr9,https://www.cnn.com/2021/05/10/us/houston-tiger-murder-suspect-trnd/index.html,3,Bed-Tall,15,19
23,covid19 warnings ignored independent review global response finds,69,namy1z,https://www.abc.net.au/news/2021-05-12/covid19-warnings-ignored-global-response-review-finds/100135510,11,Lobsty501,69,10
25,germany orders suspension controversial new whatsapp tcs,47,naoajd,https://swacash.com/2021/05/12/germany-orders-suspension-of-controversial-new-whatsapp-tcs/,1,AmerBekic,47,8
26,monstrouslooking fish normally found thousands feet deep ocean washed california beach,22,nam93q,https://www.cnn.com/2021/05/11/us/anglerfish-football-fish-california-trnd-scn/index.html,2,sndcloud,22,18
27,israel ramp deadly airstrikes gaza rockets rain deaths mount sides,17,naog0g,https://www.cbsnews.com/news/israel-gaza-airstrikes-rockets-middle-east-news-2021-05-11/,33,sandleaz,17,18
28,myanmar beauty queen takes arms junta france 24,35,nalwpb,https://www.france24.com/en/live-news/20210512-myanmar-beauty-queen-takes-up-arms-against-junta,2,stein77700,35,11
29,greece offers 300000 reward killers strangled britishborn student front baby,43,nae6h5,https://www.theguardian.com/world/2021/may/11/greece-offers-300000-reward-for-killers-who-strangled-british-born-student-in-front-of-baby,5,cardart,43,14
30,british troops twice likely killed afghanistan us forces,78,nakj7n,https://www.theguardian.com/world/2021/may/12/british-troops-were-twice-as-likely-to-be-killed-in-afghanistan-as-us-forces?CMP=Share_AndroidApp_Other,19,billypilgrim87,78,14
32,argentina confirms first cases covid19 variants india south africa,26,naimdc,https://www.reuters.com/world/americas/argentina-confirms-first-cases-covid-19-variants-india-south-africa-2021-05-10/,8,kamikkazet,26,11
33,radovan karadi serve rest sentence british prison,7,napwsd,https://www.theguardian.com/world/2021/may/12/radovan-karadzic-to-serve-rest-of-sentence-in-british-prison,5,pipsdontsqueak,7,10
34,instagram twitter deleting posts palestine blame glitch,42103,n9j717,https://news.trust.org/item/20210510165535-38v1l,2104,Dark-X,42103,10
35,wolf hunting banned slovakia,249,nang4i,https://www.downtoearth.org.in/news/wildlife-biodiversity/wolf-hunting-banned-in-slovakia-76872,8,zsreport,249,5
36,indian woman ties knot alleged rapist police station indias rajasthan,11,nalcup,https://www.latintimes.com/indian-woman-ties-knot-her-alleged-rapist-police-station-indias-rajasthan-470897,15,Mate-Kiddleton,11,14
37,french court rule wednesday whether air france airbus stand trial 2009 crash rio de janeiro paris flight killed 228 people board general prosecutors office seeking manslaughter trial air france airbus,21,naftak,https://www.france24.com/en/live-news/20210512-french-court-to-rule-on-air-france-airbus-trial-over-rio-paris-crash,8,DoremusJessup,21,48
38,indian doctors warn cow dung covid cure,6,naj63n,https://www.reuters.com/world/india/indian-doctors-warn-against-cow-dung-covid-cure-2021-05-11/,18,codati2000,6,9
40,ellen degeneres end talk show 19 years,4,narmd7,https://www.bbc.co.uk/news/entertainment-arts-57091501,9,AdvanceComplex2552,4,9
42,despite reversing onechild policy chinas population growth slowest decades couples delay kids amid rising costs,8,naqcga,https://www.insider.com/chinas-population-growth-the-slowest-it-has-been-in-decades-2021-5,17,BelleAriel,8,22
44,amazon 250m back taxes demand overturned court,4,naquzk,https://www.bbc.co.uk/news/technology-57089168,0,FatFreddysCoat,4,9
45,indian coronavirus variant spread almost 50 countries says,19,nanlc8,https://www.washingtonpost.com/nation/2021/05/12/coronavirus-covid-live-updates-us/,7,AoiTopGear,19,12
46,israel hamas escalate heavy fighting end sight,164,nae6n7,https://apnews.com/article/world-news-ap-top-news-benjamin-netanyahu-militant-groups-united-nations-ad7d5a99e382dcdd3e5df45f33be1b43,116,LookAtMePlease9,164,10
47,1000 rockets fired gaza toward israel since start latest escalation,23,nar8ky,https://www.i24news.tv/en/news/israel/diplomacy-defense/1620800706-liveblog-more-than-850-rockets-fired-from-gaza-toward-israel-since-start-of-latest-escalation,11,idontlikesushi,23,14
48,father daughter killed lod early morning rocket barrage,9,nalm3b,https://www.ynetnews.com/article/Bk1LdRuOO,49,Educational_Store699,9,11
49,us trade chief tai vows use new usmca trade pact address mexican labor issues,3,nargul,https://www.reuters.com/world/americas/us-trade-chief-tai-vows-use-new-usmca-trade-pact-address-mexican-labor-issues-2021-05-12/,0,AuntTifaNews,3,16
50,covid variant first detected india found 44 countries,5,nanks2,https://www.aljazeera.com/news/2021/5/12/covid-variant-first-detected-in-india-found-in-44-countries-who,0,vokiel,5,11
51,us sanctions 7 hezbollah finances,21,naoiw0,https://www.al-monitor.com/originals/2021/05/us-sanctions-7-over-hezbollah-finances,4,FeydSeswatha982,21,6
54,world health organisation declared global emergency earlier prevent outbreak pandemic report finds,208,nalty6,https://news.sky.com/story/covid-19-world-health-organisation-should-have-declared-global-emergency-earlier-to-prevent-outbreak-of-pandemic-report-finds-12304277,37,NoTieAccountant,208,17
55,macrons party pulls support local election candidate hijab,14,nala83,https://www.reuters.com/article/us-france-politics-islam/macrons-party-pulls-support-for-local-election-candidate-over-hijab-idUSKBN2CT16I,19,kevin_dung,14,10
56,number injured russia school shooting rises 23,4,naqzl5,https://www.foxnews.com/world/number-injured-russia-school-shooting-23,2,mehedi475871,4,10
57,gaza tower block collapses israeli strike live,100,nacuwg,https://www.aljazeera.com/news/2021/5/11/israel-launches-fresh-air-raids-on-besieged-gaza-strip-live-news,71,busfpga,100,8
58,maldives bans travel south asia covid cases soar,10,nanlgv,https://www.aljazeera.com/news/2021/5/12/maldives-bans-travel-from-south-asia-as-covid-cases-soar,2,vokiel,10,10
60,softbank shocked critics landing biggest profit history japanese company,21,nana7t,https://www.cnbc.com/2021/05/12/softbank-joins-top-corporate-earners-with-its-37-billion-vision-fund-profit.html,1,cambeiu,21,17
62,israeli palestinian violence pulls us focus back middle east despite bidens plans,6,nalv1w,https://edition.cnn.com/2021/05/12/politics/biden-middle-east-israelis-palestinians/index.html,34,LORD_SHARDUL,6,14
64,french court rejects claim agent orange damage vietnam war,345,n9zbpx,https://www.reuters.com/world/asia-pacific/french-court-rejects-claim-agent-orange-lawsuit-2021-05-10/,35,LaChancla911,345,11
65,china slams new zealand parliaments motion uighur abuses,7,nao5ym,https://www.msn.com/en-us/news/world/china-slams-new-zealand-parliament-e2-80-99s-motion-on-uighur-abuses/ar-BB1gq1j4,7,LeftUnite47,7,9
67,like embers barbecue pit nuclear reactions smoldering chernobyl,1268,n9vbyr,https://www.sciencemag.org/news/2021/05/nuclear-reactions-reawaken-chernobyl-reactor,239,paleidentikit,1268,15
68,japans muji appeals china advertising use xinjiang cotton,28,najxed,https://www.wsj.com/articles/japans-muji-appeals-to-china-by-advertising-use-of-xinjiang-cotton-11620692294?mod=e2tw,1,spicy_kc,28,11
70,13 year old boy crushed death sleeping dumpster outside mcdonalds along two friends,218,najwfk,https://nypost.com/2021/05/11/australian-teen-crushed-to-death-after-sleeping-in-dumpster/,52,IsThereAGodOMG,218,19
73,historical nihilism china deletes two million online posts insulting communist heroes,78,nam428,https://www.msn.com/en-in/news/world/historical-nihilism-china-deletes-two-million-online-posts-insulting-communist-heroes/ar-BB1gDzh3,17,Biraat-Khopoli,78,11
74,42 killed colombia protests human rights agency says,415,na8osr,https://apnews.com/article/colombia-health-coronavirus-pandemic-e43eb87ac930ac9c0c26c1941661263c,9,pleasantzones,415,9
75,taiwan warns covid alert level could rise yet shares tumble,3,naqyq3,https://www.reuters.com/world/asia-pacific/taiwan-may-raise-covid-19-alert-shut-non-essential-shops-2021-05-12/,0,mehedi475871,3,12
77,hamas fires iranianmade cruise missiles first time three israelis killed,40,nah5v0,https://www.richardsilverstein.com/2021/05/11/breaking-hamas-fires-iranian-made-cruise-missiles-for-first-time-three-israelis-killed/,35,zenonidenoni,40,11
79,idf strikes hamas leaders amid heavy rocket attacks major rioting lod,0,naloqz,https://www.timesofisrael.com/liveblog-may-11-2021/,1,Factsmatter2metoo,0,12
80,israeli flags burned outside 2 german synagogues free palestine spraypainted another spain,110,naq5x7,https://www.jta.org/quick-reads/israeli-flags-burned-outside-2-german-synagogues-free-palestine-spray-painted-on-another-in-spain,96,Mdk_251,110,14
81,israel steps gaza airstrikes focus eliminating terror chiefs,22,nakyun,https://www.jpost.com/israel-news/israel-striking-gaza-in-response-to-rocket-barrage-directed-at-jerusalem-667776,97,mdurgesh,22,11
82,death toll since latest offensive began stood 48 including 14 children 300 others wounded,0,nam5dg,https://www.aljazeera.com/news/2021/5/12/israeli-bombardment-continues-on-gaza,7,That-Firefighter1164,0,21
84,doctors india warning practice using cow dung belief ward covid19 saying scientific evidence effectiveness risks spreading diseases,1742,n9o6e0,https://www.reuters.com/world/india/indian-doctors-warn-against-cow-dung-covid-cure-2021-05-11/,297,tonytharakan,1742,36
86,uk government plan toughen voter id rules draws criticism,21,namojj,https://www.usnews.com/news/business/articles/2021-05-12/uk-government-plan-to-toughen-voter-id-rules-draws-criticism,12,Factsmatter2metoo,21,10
87,china defends handling control rocket fell earth,9,naph8g,https://abcnews.go.com/Technology/wireStory/china-defends-handling-rocket-fell-earth-77596644,22,GOR098,9,12
89,hamas fired 15 rockets toward dimona home israels nuclear reactor,46,nanx1k,https://www.timesofisrael.com/liveblog_entry/sirens-sound-in-beersheba-and-dimona-home-to-israels-main-nuclear-reactor/,55,TransGerman,46,11
90,ireland urged use un security council role intervene palestineisrael conflict,165,naflqw,https://www.irishexaminer.com/news/politics/arid-40286774.html,27,Ciaran123C,165,13
93,amazon wins case eu regulators luxembourg taxes,4,naq56g,https://www.npr.org/2021/05/12/996118335/amazon-wins-case-against-eu-regulators-over-luxembourg-taxes,2,misana123,4,9
95,reviewing seychelles data fully vaccinated get covid,10,nani3n,https://www.aljazeera.com/news/2021/5/12/who-reviewing-seychelles-data-after-fully-vaccinated-get-covid,12,vokiel,10,9
96,nato exercises sweep europe amid russian escalation rising tensions moscow us,5,nalvu1,https://edition.cnn.com/2021/05/11/politics/romania-nato-exercises-russia/index.html,0,LORD_SHARDUL,5,13
97,irish travellers racially abused following controversial channel 4 dispatches programme,18,nak5sd,https://inews.co.uk/news/uk/irish-travellers-racially-abuse-channel-4-dispatches-truth-traveller-crime-programme-996159,2,apple_kicks,18,11
99,russia mourns victims kazan school shooting,8,naqna0,https://www.ibtimes.com/russia-mourns-victims-kazan-school-shooting-3197474,1,spinning_carousel,8,7
100,boris johnson urges israel palestinians step back brink tensions rise,166,nalekm,https://www.independent.co.uk/news/uk/politics/boris-johnson-israel-palestine-gaza-b1846107.html,43,usmilitarythrowaway1,166,14
101,afghanistan taliban captures strategic district close kabul,6,naq6el,https://www.dw.com/en/afghanistan-taliban-captures-strategic-district-close-to-kabul/a-57503194,4,Jeremy_Martin,6,8
105,labgrown meat firms attract sixfold increase investment,1115,na6sa3,https://www.theguardian.com/environment/2021/may/11/lab-grown-meat-companies-swallow-record-investments/,193,reginold,1115,8
106,israel vows stop gaza attacks complete quiet,40,nar8t8,https://www.theguardian.com/world/2021/may/12/israel-only-stop-gaza-attacks-when-complete-quiet?,29,Akephalos_Agares,40,12
108,indigenous new zealand lawmaker censured haka protest,12,nalxtz,https://thinkpol.ca/2021/05/12/indigenous-new-zealand-lawmaker-censured-for-haka-protest/,3,pelicanthief,12,8
109,30 dead gaza israel fighting quickly escalates,60,nacf9i,https://www.nytimes.com/2021/05/11/world/middleeast/israel-gaza-airstrikes.html,24,busfpga,60,12
111,taiwans gigabyte technology faces boycott china mocking lowquality manufacturing mainland,41,namcce,https://www.scmp.com/tech/tech-trends/article/3133171/taiwans-gigabyte-technology-faces-boycott-china-after-mocking-low,54,amoebafinite,41,13
112,japan begins first joint military drill us france,14,naq6wj,https://japantoday.com/category/politics/japan-launches-first-joint-military-drill-with-us-france,1,AsiaOnline,14,9
114,indian woman killed israel struck rocket strike video call husband,13,najrqi,https://www.wionews.com/india-news/indian-woman-killed-in-israel-was-struck-by-rocket-strike-during-a-video-call-with-husband-384415,0,sbmthakur,13,16
116,senior hamas commander killed israeli airstrike gaza,31,naqslr,https://www.businessinsider.com/senior-hamas-commander-killed-israeli-airstrike-gaza-2021-5?r=DE&IR=T,12,spinning_carousel,31,8
117,covid india sorrow turns anger prime minister modis pandemic response npr,136,nair3m,https://www.npr.org/2021/05/11/995446333/this-government-has-failed-us-anger-rises-in-india-over-pm-modis-covid-response,17,exit-stage-tight,136,15
119,covid19 pandemic preventable independent review panel said panel set world health organization said combined response global governments toxic cocktail,60,naq486,https://www.bbc.com/news/world-57085505,3,NinjaDiscoJesus,60,34
120,indias covid nightmare newlines magazine,3,naojlo,https://newlinesmag.com/reportage/indias-covid-nightmare/,0,FeydSeswatha982,3,6
121,venezuelan opposition leader proposes accord maduro easing sanctions,9,najqd2,https://www.nbcnews.com/news/latino/venezuelan-opposition-leader-juan-guaid-proposes-accord-maduro-rcna905,0,reddit-mailinator,9,11
125,israelgaza fears war violence escalates,10,namonk,https://www.bbc.com/news/world-middle-east-57083595,27,sreeker6,10,7
127,afghan forces battle recapture talibanheld kabul outskirt,5,nar449,https://www.aljazeera.com/news/2021/5/12/afghan-forces-battle-to-recapture-taliban-held-kabul-outskirt,1,vokiel,5,8
130,scientists race study variants india cases explode,16,nambc5,https://apnews.com/article/europe-india-coronavirus-pandemic-science-health-fab2f1d6d08fd2442acf6a7e737866c4?utm_source=Sailthru&utm_medium=email&utm_campaign=May12_MorningWire&utm_term=Morning%20Wire%20Subscribers,2,GDW312,16,10
132,uk ban lgbt conversion therapy provide support,9420,n9vx65,https://www.reuters.com/world/uk/uk-ban-lgbt-conversion-therapy-provide-more-support-2021-05-11/,495,Lixard52,9420,10
133,netanyahu declares state emergency lod due widespread violent rioting first use emergency powers arab community israel since end military administration arabs israel 1966,4144,na993b,https://www.timesofisrael.com/liveblog_entry/netanyahu-declares-state-of-emergency-in-lod/,1061,1MorePint,4144,41
134,far right ready slice real power sweden,5,nalln7,https://www.bloombergquint.com/politics/the-far-right-is-ready-to-claim-a-slice-of-real-power-in-sweden,1,Factsmatter2metoo,5,13
137,china sinovac shot seen highly effective real world study,22,nafm21,https://www.bloomberg.com/news/articles/2021-05-11/china-s-sinovac-shot-found-highly-effective-in-real-world-study,4,alanwong,22,10
140,school attack means afghanistans future,12,najdw3,https://www.npr.org/2021/05/11/995948176/what-the-school-attack-means-for-afghanistans-future,2,Maxcactus,12,8
141,colombias police force built war finds new one,6,naqxzs,https://www.nytimes.com/2021/05/12/world/americas/colombia-protest-police-abuse.html,1,mehedi475871,6,10
143,idf shin bet say senior members hamas killed targeted strikes,13,nanrcj,https://www.ynetnews.com/article/HkcZbSFdu,4,BigTasty789,13,12
145,eritrean troops disguised ethiopian military blocking critical aid tigray,38,nahc94,https://www.cnn.com/2021/05/12/africa/tigray-axum-aid-blockade-cmd-intl/index.html,0,jerusalemg,38,12
146,covid surges 4 5 vaccinated countries,11,namee4,https://www.forbes.com/sites/roberthart/2021/05/11/covid-surges-in-4-of-5-worlds-most-vaccinated-countries-heres-why-the-us-should-worry/?sh=193d51ed6771,18,BisonFarts1,11,9
148,escalating mideast violence bears hallmarks 2014 gaza war,19,namabu,https://apnews.com/article/united-nations-africa-gaza-middle-east-violence-cb885f54369c7f4799aff0d8e421212c?utm_source=Sailthru&utm_medium=email&utm_campaign=May12_MorningWire&utm_term=Morning%20Wire%20Subscribers,41,GDW312,19,9
149,us coast guard ship fired around 30 warning shots iranian fast boats latest tense encounter,411,na1ywz,https://edition.cnn.com/2021/05/10/politics/us-navy-warning-shots-iranian-fast-boats-strait-of-hormuz/index.html,107,EnoughEngine,411,17
150,bankers quit london brexit relocations eu step,105,naolpg,https://www.reuters.com/business/finance/bankers-quit-london-brexit-relocations-eu-step-up-2021-05-12/,14,AuntTifaNews,105,10
153,twitter said restricted palestinian writers account accident,876,nakqhg,https://www.vice.com/en/article/qj8b4x/twitter-said-it-restricted-palestinian-writers-account-by-accident,74,chrisjd,876,9
156,hundreds south africans rallied tuesday israeli attacks palestinians least 28 people killed following clashes flashpoint alaqsa mosque jerusalem,5839,na25kq,https://www.france24.com/en/live-news/20210511-south-africans-protest-over-palestinian-deaths,574,DoremusJessup,5839,28
157,climate emissions shrinking stratosphere scientists reveal,20,napocb,https://www.theguardian.com/environment/2021/may/12/emissions-shrinking-the-stratosphere-scientists-find?CMP=Share_iOSApp_Other,2,Akephalos_Agares,20,7
159,queen announces voters need photo id general elections britain,779,nadli4,https://www.theguardian.com/politics/2021/may/10/queens-speech-photo-id-future-elections-social-care?CMP=Share_iOSApp_Other,578,tihotihotiho,779,13
168,israelgaza violence death toll rises un envoy warns heading fullscale war,11,nao991,https://news.sky.com/story/israeli-pm-netanyahu-hamas-will-pay-heavy-price-as-violence-continues-12303987,26,flacao9,11,14
175,nearly fifth earths surface transformed since 1960,71,nagneu,https://www.ctvnews.ca/climate-and-environment/nearly-a-fifth-of-earth-s-surface-transformed-since-1960-1.5423631,9,JagmeetSingh2,71,9
178,animals formally recognised sentient beings uk law,30376,nahbnf,https://www.theguardian.com/world/2021/may/12/animals-to-be-formally-recognised-as-sentient-beings-in-uk-law,2648,Illustrious_Welder94,30376,11
181,eye africa ethiopias tigray risks starvation antifarming campaign underway official claims,22,nak3al,https://www.france24.com/en/tv-shows/eye-on-africa/20210511-tigray-risks-starvation-as-anti-farming-campaign-underway-claims-official-eye-on-africa,1,cognizant_ape,22,14
187,indian woman state kerala killed gaza launches rocket attacks israel,684,nakm5s,https://www.msn.com/en-in/news/world/israel-palestine-conflict-kerala-woman-killed-as-gaza-launches-rocket-attacks-on-israel/ar-BB1gDaPK,148,Biraat-Khopoli,684,15
189,editor activists urge release myanmar journalists arrested thailand fleeing junta,19,nahikl,https://www.rfa.org/english/news/myanmar/thailand-05112021181454.html,1,PlacozoanNeurons,19,13
190,two decades talks world trade organization towards banning subsidies contribute overfishing lead negotiator said tuesday deal could within reach,256,na23h3,https://www.france24.com/en/live-news/20210511-wto-deal-doable-to-stop-subsidies-that-lead-to-over-fishing,11,DoremusJessup,256,29
191,botanist welcomes eu court ruling pesticides harm bees study aims measure presence longlived chemicals irish environment,1,nas0sv,https://www.irishtimes.com/news/environment/botanist-welcomes-eu-court-ruling-on-pesticides-that-can-harm-bees-1.4560946,0,IheartGMO,1,23
193,hamas hails victory battle jerusalem onslaught central israel,18,nagxar,https://www.timesofisrael.com/hamas-hails-victory-in-battle-for-jerusalem-after-onslaught-on-central-israel/,21,Mdk_251,18,12
195,thousands propalestinian new yorkers pack midtown protest israel,1115,nann7k,https://www.timesofisrael.com/thousands-of-pro-palestinian-new-yorkers-pack-midtown-in-protest-against-israel/,392,AoiTopGear,1115,11
197,brazil suspends use astrazeneca covid19 vaccine pregnant women,36,nabtik,https://www.reuters.com/world/americas/brazil-suspends-use-astrazeneca-covid-19-vaccine-pregnant-women-2021-05-11/?taid=609b1700aa744f0001aa70c4&utm_campaign=trueAnthem:+Trending+Content&utm_medium=trueAnthem&utm_source=twitter,5,BisonFarts1,36,10
198,covid pandemic could prevented world acted quicker says report group independent experts critical empowered says panel cochair,7,naqxxp,https://www.independent.co.uk/news/health/covid-cases-deaths-who-un-b1846233.html,9,innperialkong,7,29
200,another thai protest leader says covid19 weeks jail,14,naj6zw,https://www.reuters.com/world/asia-pacific/another-thai-protest-leader-says-has-covid-19-after-weeks-jail-2021-05-12/?taid=609b852e12982200014dd3d7&utm_campaign=trueAnthem:+Trending+Content&utm_medium=trueAnthem&utm_source=twitter,0,Adalyn_Sara,14,11
210,myanmar arrests 39 blasts seeking training rebels,8,najbu4,https://www.reuters.com/world/asia-pacific/myanmar-arrests-39-over-blasts-seeking-training-with-rebels-media-2021-05-12/,0,bustead,8,9
211,indonesia finds chinas sinovac 100 effective death 28day real world study,45,nanxeh,https://theprint.in/world/indonesia-finds-chinas-sinovac-100-effective-against-death-in-28-day-real-world-study/656817/,27,bjohn876,45,13
213,hell covid19 ravages rural india,5,nar67r,https://www.ndtv.com/india-news/a-hell-out-here-covid-19-ravages-rural-india-2440439,1,nram76,5,9
217,toronto residents protest outside israeli consulate hundreds palestinian injured east jerusalem,174,nabusi,https://toronto.ctvnews.ca/mobile/toronto-residents-protest-outside-israeli-consulate-after-hundreds-of-palestinians-injured-in-east-jerusalem-1.5421633,7,dustofoblivion123,174,14
223,eu tighten pollution laws clean air water,3,nar55g,https://www.reuters.com/business/environment/eu-tighten-pollution-laws-clean-up-air-water-2021-05-12/?taid=609bf0fbd8fc9d00017426ff&utm_campaign=trueanthem&utm_medium=trueanthem&utm_source=twitter,0,pi3141592653589,3,11
232,red cross warns coronavirus cases exploding asia,6,nar013,https://www.foxnews.com/health/red-cross-warns-coronavirus-cases-exploding-asia,3,mehedi475871,6,10
233,spain expects many 45 mln foreign tourists year minister says,4,namfh0,https://www.reuters.com/world/europe/spain-expects-many-45-mln-foreign-tourists-this-year-minister-says-2021-05-12/,3,john217,4,13
234,time waste needs new powers control future outbreaks report says,6,nalp3g,https://www.smh.com.au/national/there-is-no-time-to-waste-who-needs-new-powers-to-control-future-outbreaks-report-says-20210512-p57rcy.html,18,Frankenclyde,6,16
236,british canadian troops twice likely killed afghanistan us forces,14,nakh5n,https://www.theguardian.com/world/2021/may/12/british-troops-were-twice-as-likely-to-be-killed-in-afghanistan-as-us-forces,3,CheckAirportGuy,14,16
239,ukraine says russia still 100000 troops near border,57,naq81a,https://www.reuters.com/world/europe/ukraine-says-russia-still-has-100000-troops-near-its-border-2021-05-11/,5,GOR098,57,10
243,women unfairly hired meet queensland police gender targets corruption watchdog finds,21,nao280,https://www.abc.net.au/news/2021-05-12/queensland-police-recruiting-women-crime-corruption-report/100133594,9,MyVideoConverter,21,12
245,brazil buys 100 million doses pfizers covid19 vaccine,114,naehr7,https://www.reuters.com/business/healthcare-pharmaceuticals/brazil-buys-100-million-more-doses-pfizers-covid-19-vaccine-2021-05-12/?taid=609b3dafaa744f0001aa7196&utm_campaign=trueAnthem:+Trending+Content&utm_medium=trueAnthem&utm_source=twitter,13,BisonFarts1,114,10
247,indian government says 5g doesnt cause covid19 also points india 5g networks,44885,n9xra8,https://www.theregister.com/2021/05/11/india_5g_covid_19/,1059,Kuchbhilikhlo,44885,15
252,living fossil thought extinct 273 million years found thriving ocean floor,1434,naad81,https://www.sciencealert.com/living-fossil-thought-extinct-for-273-million-years-found-thriving-on-the-ocean-floor,69,AidThisFellowUser,1434,13
258,indian workers allege shocking violations building hindu temple new jersey usa,16,naivwm,https://indianexpress.com/article/world/indian-workers-allege-shocking-violations-in-building-hindu-temple-in-new-jersey-7311615/,4,GL4389,16,13
268,german cabinet approves landmark climate bill german government approved bill would reduce greenhouse gas emissions faster rate goal becoming climate neutral 2045,35,namoj4,https://www.dw.com/en/german-cabinet-approves-landmark-climate-bill/a-57506938,0,misana123,35,32
278,35 killed gaza 3 israel violence escalates,69,nacbxx,https://www.reuters.com/world/middle-east/35-killed-gaza-3-israel-violence-escalates-2021-05-12/,18,busfpga,69,10
279,former myanmar beauty queen takes arms military junta,15,naqv97,https://www.scmp.com/news/asia/southeast-asia/article/3133241/former-myanmar-beauty-queen-takes-arms-against-military,1,thecoldwinds,15,10
284,1 killed 3 injured hamas fires antitank missile israeli jeep,15,nalvxt,https://www.timesofisrael.com/1-killed-3-injured-as-hamas-fires-anti-tank-missile-at-israeli-jeep/,2,DaDerpyDude,15,12
285,laugh cry cow dung covid cure,4,namcpt,https://www.ndtv.com/india-news/cow-dung-urine-covid-should-we-cry-or-laugh-akhilesh-yadav-on-cow-dung-as-covid-cure-2440150,15,nram76,4,10
286,myanmar beauty queen takes arms junta,409,najw2k,https://www.straitstimes.com/asia/se-asia/myanmar-beauty-queen-takes-up-arms-against-junta,17,vaish7848,409,8
292,1 dead 2 injured hammas fires antitank missile israeli vehicle,20,nakgau,https://www.timesofisrael.com/liveblog-may-12-2021/,31,kage_b19,20,13
294,israel declares emergency lod unrest spreads,64,naf42r,https://www.bbc.com/news/world-middle-east-57081848,45,eric-edmonton,64,8
300,taiwan warns rising covid19 risk share market tumbles,22,najgao,https://www.reuters.com/world/asia-pacific/taiwan-may-raise-covid-19-alert-shut-non-essential-shops-2021-05-12/,1,diacewrb,22,9
302,honduras turns china rich nations hoard covid19 vaccines,57,naclnv,https://www.scmp.com/news/world/americas/article/3133121/coronavirus-honduras-turns-china-rich-nations-hoard-vaccines,15,Ron_Vara_Harvard,57,10
307,promising new alzheimers treatment could help cure disease twenty years first symptoms emerge,157,nanmfl,https://squeekly.com/science/promising-alzheimers-treatment/,8,joachymc,157,15
311,display ceremonial head returning amazon,8,najkvi,https://www.nbcnews.com/science/science-news/display-ceremonial-head-returning-amazon-rcna884,4,reddit-mailinator,8,11
313,gaza apartment block collapses airstrike,142,na81sp,https://www.yahoo.com/news/gaza-apartment-block-collapses-airstrike-200059570.html,86,Home0nWater,142,6
315,netanyahu israel increasing might frequency gaza strikes,742,na3pvo,https://www.ynetnews.com/article/TZF6IS1LC,482,afunnew,742,9
325,b1617 variant 44 countries dont yet know means global pandemic,5,narng3,https://amp.cnn.com/cnn/2021/05/12/world/coronavirus-newsletter-intl-05-12-21/index.html?__twitter_impression=true,10,monaleeparis,5,19
326,china planning new crackdown private tutoring sector,14,nalw53,https://www.reuters.com/business/finance/exclusive-china-planning-new-crackdown-private-tutoring-sector-sources-2021-05-12/,2,Acrzyguy,14,8
331,stand palestine pakistan pm imran khan sends message support palestinians israel strikes back,5,naptvh,https://www.msn.com/en-in/news/world/we-stand-with-palestine-imran-khan-sends-message-of-support-after-israel-attack/ar-BB1gE5wV,7,Biraat-Khopoli,5,18
344,gaza terrorists ashkelon residents leave die,0,nanqox,https://m.jpost.com/breaking-news/gaza-terrorists-to-ashkelon-residents-leave-or-die-667939,64,BigTasty789,0,8
349,drop xinjiang birthrate largest recent history report,27,nao76e,https://apnews.com/article/5aab6b4b99263b535ff1d0e9ae890b8f,19,canadaoilguy,27,9
352,taliban seized district afghan government forces outskirts kabul ahead threeday ceasefire agreed warring sides officials said,13,nan1gh,https://www.france24.com/en/asia-pacific/20210512-taliban-seize-key-district-outside-afghan-capital,5,Purple_Wasabi,13,27
354,us officials believe russia may behind suspected directedenergy attacks getting government employees sick around world report says,17164,na2t3u,https://www.businessinsider.com/directed-energy-attacks-us-officials-think-russia-maybe-behind-report-2021-5,1753,Speedster202,17164,22
355,israeli energy pipeline hit iron dome fails intercept missile,5092,na62wv,https://www.dailysabah.com/world/mid-east/israeli-energy-pipeline-hit-as-iron-dome-fails-to-intercept-missile,1111,pi3141592653589,5092,11
358,internal emails reveal world health organization knew sex abuse claims congo,125,na7684,https://www.pbs.org/newshour/world/internal-emails-reveal-world-health-organization-knew-of-sex-abuse-claims-in-congo,6,misana123,125,13
367,widescale airstrikes israel hits gaza police stations security sites,11,naj2dz,https://www.timesofisrael.com/liveblog_entry/in-widescale-airstrikes-israel-hits-gaza-police-stations-security-sites/,72,ScatteredSignal,11,10
370,600000 slovaks sign referendum early election,1,nas59x,https://www.euractiv.com/section/politics/short_news/600000-slovaks-sign-referendum-for-early-election/,0,Areat,1,7
380,indian covid19 variant behind acceleration indias explosive outbreak found 44 countries around world says,35,naotdz,https://www.france24.com/en/europe/20210512-indian-covid-19-variant-found-in-44-countries-around-world-says-who,14,HenryCorp,35,18
383,dozens bodies believed covid19 victims washed banks ganges river northern india pandemic spreads indias vast rural hinterland locals believe bodies dumped river cremation sites overwhelmed,5889,n9eh13,https://www.theguardian.com/world/2021/may/10/india-dozens-of-suspected-covid-victims-wash-up-on-ganges-river-banks,463,MistWeaver80,5889,42
390,brazil amazon illegal miners fire indigenous group,798,na6vw8,https://www.bbc.co.uk/news/world-latin-america-57069504/,23,reginold,798,8
394,35 killed gaza 5 israel violence escalates,37,nailjd,https://www.reuters.com/world/middle-east/35-killed-gaza-3-israel-violence-escalates-2021-05-12/,2,kamikkazet,37,10
395,jerusalem patriarchs heads churches appeal end violence,97,nab2g1,https://www.vaticannews.va/en/church/news/2021-05/jerusalem-violence-patriarchs-heads-churches-appeal-stop-violenc.html,6,2N128W,97,12
410,china russia want vaccinate developing world west,23,naffqn,https://edition.cnn.com/2021/05/11/china/china-russia-covid-vaccine-dst-intl-hnk/index.html,58,cambeiu,23,12
419,holocaust memorial stumbling blocks defaced antiisrael graffiti cologne germany,108,najob9,https://www.algemeiner.com/2021/05/02/holocaust-memorial-stumbling-blocks-defaced-with-anti-israel-graffiti-in-cologne-germany/,36,PjeterPannos,108,11
428,nepal wants everest climbers bring oxygen tanks back covid patients,9303,n9nhcp,https://www.vice.com/en/article/xgxxjq/nepal-everest-climbers-covid-oxygen-tanks,532,wdomeika,9303,13
429,lod mayor describes kristallnacht civil war city says army must deploy,138,na942z,https://www.timesofisrael.com/liveblog_entry/lod-mayor-describes-kristallnacht-civil-war-in-city-says-army-must-deploy/,50,ueathrowaway123,138,12
434,israel names four hamas commanders killed gaza strikes,75,naom5e,https://www.timesofisrael.com/liveblog_entry/israel-identifies-hamas-commanders-killed-in-strike-on-gaza-base/,68,Ashmedai314,75,9
438,vatican warns us bishops denying communion supporters abortion rights,693,n9yt0b,https://www.npr.org/2021/05/11/995796836/vatican-warns-u-s-bishops-about-denying-communion-to-supporters-of-abortion-righ,220,misana123,693,12
441,idf antitank missile fired israel gaza mda reported three people injured attack two critical another serious,74,najghi,https://www.ynetnews.com/article/ryjHD11Yu00,140,Mdk_251,74,23
455,israeli airstrikes gaza kill 20 people including nine children palestinian officials say,49725,n9gqdz,https://www.washingtonpost.com/world/jerusalem-alaqsa-templemount-haramalsharif/2021/05/10/17f29614-b161-11eb-bc96-fdf55de43bef_story.html,10460,Revolutionary_Two542,49725,13
457,least 35 killed gaza israel ramps airstrikes response rocket attacks,28,naflkb,https://www.cnn.com/2021/05/11/middleeast/israel-gaza-airstrikes-rockets-intl/index.html,79,ted__lasso,28,16
458,tesla reportedly boosting engagement regulators china faces scrutiny country,22,nags2e,https://www.cnbc.com/2021/05/03/tesla-is-reportedly-boosting-engagement-with-regulators-in-china.html,3,BuffDisciplineLearn,22,16
465,china used fake news social platforms discredit western reports amid pandemic report finds,2,nas5hf,https://www.abc.net.au/news/2021-05-12/china-misinformation-ifj-report-covid-19/100135016,0,guanaco55,2,15
470,covid serious failures global response report finds,9,nar4ke,https://www.bbc.com/news/world-57085505,2,wiverix,9,10
472,uk economy shrank 15 first quarter,10,naitr6,https://www.bbc.co.uk/news/business-57083394,0,VORTXS,10,8
473,short vaccines nepal faces looming covid crisis,16,nag5yk,https://www.bbc.com/news/world-asia-57055209,1,aConfusedBot,16,8
475,palestinians fire 850 rockets israel killing 5 israelis including 1 child,38,naifkd,https://m.jpost.com/israel-news/four-dead-from-latest-wave-of-rockets-aimed-at-central-israel-667902,140,wapples,38,12
477,forest size france regrown worldwide 20 years study finds,80,nafjpw,https://www.theguardian.com/environment/2021/may/11/forest-size-of-france-regrown-worldwide?CMP=Share_iOSApp_Other,8,BoGaN223,80,12
488,someone help find good funding organization helps patients hospital expenses supporting cause save family affected covid would like forward case right organization family get enough funds manage hospital expenses,0,nas5ul,https://www.ketto.org/fundraiser/my-mother-is-suffering-from-corona-virus-we-need-your-help-to-provide-for-her-treatment-394625,2,Odd-Cause5810,0,52
491,indias covid deaths cross quarter million mark sign peak,31,naj2u6,https://www.reuters.com/world/india/indias-covid-deaths-cross-quarter-million-mark-no-sign-peak-2021-05-12/,4,DavidofSasun,31,11
492,high bmi linked increase risk testing positive covid19 study,18,nakbmt,https://www.standard.co.uk/news/uk/people-israel-italy-b934340.html,12,diacewrb,18,13
